state,district,population,households,literacy_rate,sc_st_share,dilapidated_housing_rate,no_latrine_rate,no_bathing_facility_rate,low_income_household_rate,rural_household_share,seismic_exposure,landslide_exposure,flood_exposure,cyclone_exposure,urgency_score,predicted_urgency
West Bengal,Maldah,3988845.0,958996.0,0.5230667022659442,0.28815709810734685,0.09561979403459452,0.5816197356401903,0.6915628428064351,0.0009864483272088726,0.865820086840821,0.6,0.55,0.85,0.9,0.5491047422491606,0.5404432052054686
West Bengal,Birbhum,3502404.0,965609.0,0.6162758493880204,0.36421383712444366,0.12501644040186038,0.6331962523133069,0.6483752740498483,0.0008191721493896598,0.8606423510965618,0.6,0.55,0.85,0.9,0.548931630802966,0.5395318544211806
West Bengal,Uttar Dinajpur,3007134.0,778250.0,0.49537765859452887,0.32282099833263167,0.09717956954706071,0.548041117892708,0.5385801477674269,0.0009123032444587214,0.8788705428846771,0.6,0.55,0.85,0.9,0.5522958758157714,0.5387830652155642
West Bengal,Puruliya,2930115.0,752652.0,0.554553319579607,0.37828515263052814,0.055471851532979385,0.659674059193359,0.6683341039417952,0.0008503265785515749,0.8678898083045019,0.6,0.55,0.85,0.9,0.5543400786687365,0.5386327134357048
West Bengal,Dakshin Dinajpur,1676276.0,461026.0,0.6464836339600399,0.45226442423562707,0.09908117980330827,0.5275494223753108,0.6712397999245162,0.0009305332020319895,0.8479977268093339,0.6,0.55,0.85,0.9,0.5389621232385123,0.5383512560557859
West Bengal,Bankura,3596674.0,991400.0,0.6208491511880143,0.429045557089689,0.08752773855154328,0.6021182166633045,0.6257696187210006,0.0008250958240871495,0.9083266088359895,0.6,0.55,0.85,0.9,0.5465197696306343,0.536816722234734
West Bengal,Murshidabad,7103807.0,1851965.0,0.5709380899565543,0.1391604529796488,0.13535784963538727,0.49471453294203727,0.633778176153437,0.0008882457281860079,0.8105261168542602,0.6,0.55,0.85,0.9,0.5283331594506122,0.5289143142729251
West Bengal,Jalpaiguri,3872846.0,1117804.0,0.645205102397565,0.5654709740588704,0.11144350887991097,0.3758136489044591,0.4999633209399859,0.0007720494827357927,0.7142379164862535,0.6,0.55,0.85,0.9,0.5342218594659804,0.5247339607273039
West Bengal,Paschim Medinipur,5913457.0,1565383.0,0.6896832089926417,0.3396125143042386,0.1014972054762317,0.42151026298356375,0.6457582585220358,0.0008438829347194904,0.8715662556703375,0.6,0.55,0.85,0.9,0.5161942457610046,0.516725821178878
West Bengal,Koch Bihar,2819086.0,900738.0,0.6564198467162762,0.5081295852627412,0.09049246284713201,0.2930885562727452,0.5057219746474557,0.0007715895188167924,0.8919430511425076,0.6,0.55,0.85,0.9,0.5195064417118468,0.5164791065370371
West Bengal,South Twenty Four Parganas,8161961.0,2180232.0,0.6777362695068011,0.3137736139636051,0.11357048240737683,0.28181358681094487,0.6254632534519262,0.0007999148714448737,0.7195573682066863,0.6,0.55,0.85,0.9,0.5045738830425966,0.502699474010472
West Bengal,Barddhaman,7717563.0,2227236.0,0.6799047834141425,0.3375632955636384,0.06330043156630011,0.3195844535558872,0.40451932350231407,0.0006191530668505717,0.6128079826295911,0.6,0.55,0.85,0.9,0.5047498091826457,0.5002207487147105
West Bengal,Nadia,5167600.0,1549771.0,0.6735341357690223,0.32657655391284157,0.11234175887921506,0.16342995190902398,0.500419739432471,0.0007484976812703296,0.697768250922233,0.6,0.55,0.85,0.9,0.49523678662472603,0.49327388247446474
West Bengal,Purba Medinipur,5095875.0,1363713.0,0.7698764196531508,0.1517670664998651,0.13871393761003964,0.09332168865443095,0.6842627444337628,0.0008359530194403075,0.8748219016757924,0.6,0.55,0.85,0.9,0.4665005935281801,0.48490790795912725
Arunachal Pradesh,Kurung Kumey,92076.0,19695.0,0.3975628828359182,0.9857509014292541,0.09961919268849961,0.5753744605229754,0.7001269357705001,0.0026402640264026403,0.9445544554455445,1.0,0.9,0.5,0.0,0.5222948432744406,0.47855064866632185
West Bengal,Hugli,5519145.0,1640038.0,0.7389528631699294,0.28505574685934143,0.07140688203566015,0.197061897346281,0.40007182760399457,0.0006390095839242749,0.6049158617056434,0.6,0.55,0.85,0.9,0.48293794967635467,0.477085795192253
West Bengal,Haora,4850029.0,1352697.0,0.7433369986035135,0.15134857956519435,0.07033060618896915,0.15848708173375117,0.42431897165440596,0.0005618405304366018,0.35734831969021885,0.6,0.55,0.85,0.9,0.46974705045802556,0.4750502524407988
Arunachal Pradesh,East Kameng,78690.0,19718.0,0.4886135468293303,0.9200660820942941,0.01881529566893194,0.46820164316867835,0.5138959326503703,0.0026371842986104067,0.7355208438989755,1.0,0.9,0.5,0.0,0.4886511661549464,0.4728021676932128
Arunachal Pradesh,Upper Subansiri,83448.0,19214.0,0.5425893969897421,0.9385845077173809,0.01842406578536484,0.4180285208701988,0.5482460705735401,0.0027063599458728013,0.7568439679400437,1.0,0.9,0.5,0.0,0.47806829777265525,0.47269040286022024
West Bengal,Darjiling,1846823.0,518959.0,0.7123503443481048,0.386969406380579,0.05121984588377887,0.21920614152563112,0.35792615601617855,0.0007052580261639166,0.5844084022051839,0.6,0.55,0.85,0.9,0.4935890822273079,0.47002231147424206
Arunachal Pradesh,Anjaw,21167.0,6453.0,0.4719610714791893,0.7772003590494638,0.03750193708352704,0.4500232450023245,0.4828761816209515,0.008058267472493413,0.9336742600340927,1.0,0.9,0.5,0.0,0.48166747902826823,0.4664066380741508
Arunachal Pradesh,Upper Siang,35320.0,10751.0,0.5151472253680635,0.8060022650056625,0.003720584131708678,0.24648869872569992,0.4159613059250302,0.0048367593712212815,0.7970421356152916,1.0,0.9,0.5,0.0,0.45620559417791795,0.4637874161915492
Arunachal Pradesh,Tawang,49977.0,13182.0,0.5216999819917162,0.6965404085879504,0.025261720527992717,0.17789409801244122,0.44871794871794873,0.0039447731755424065,0.8139887725686542,1.0,0.9,0.5,0.0,0.4436372758687932,0.4627153663289481
West Bengal,North Twenty Four Parganas,10009781.0,2859140.0,0.760125820934544,0.2431302942591851,0.0922655064110187,0.06776023559531887,0.3651475618542639,0.0005669536993641444,0.422972292367635,0.6,0.55,0.85,0.9,0.467484895191609,0.4597880004514842
Arunachal Pradesh,Lower Dibang Valley,54080.0,15950.0,0.5889238165680474,0.48028846153846155,0.022507836990595612,0.26620689655172414,0.3722884012539185,0.0032601880877742946,0.7523510971786834,1.0,0.9,0.5,0.0,0.4276191446318934,0.4496843429063968
Assam,Chirang,482162.0,140631.0,0.5390345983300219,0.4434671334530718,0.0776357986503687,0.46683874821340954,0.5907872375223101,0.0003697620012657238,0.9174221899865606,0.9,0.5,1.0,0.0,0.46294202888635483,0.4495469202454863
Meghalaya,West Khasi Hills,383461.0,87131.0,0.6015683472373984,0.978626248823218,0.06316925089807301,0.3649906462682627,0.5467514432291607,0.0008722498307146711,0.8588447280531614,0.9,0.85,0.5,0.0,0.455438812527062,0.44621679098495576
Arunachal Pradesh,Tirap,111975.0,24920.0,0.42843491850859566,0.8785175262335343,0.00862760834670947,0.07889245585874799,0.517776886035313,0.002086677367576244,0.7391653290529695,1.0,0.9,0.5,0.0,0.45797887552290584,0.4446387041478612
Meghalaya,West Garo Hills,643291.0,157945.0,0.5576045677617129,0.7505452431325792,0.04328088891702808,0.2841685396815347,0.6343663933647788,0.0008040773687042958,0.8822754756402545,0.9,0.85,0.5,0.0,0.4369099110598761,0.44114217044366216
Assam,Kokrajhar,887142.0,222011.0,0.5515520626912039,0.34744719560115517,0.10070221745769353,0.5527699077973613,0.6843759993874178,0.00023422262860849237,0.9229092252185702,0.9,0.5,1.0,0.0,0.46457145854015147,0.4409276965767463
Assam,Baksa,950075.0,295221.0,0.6029387153645764,0.42532431650132885,0.07231192902943896,0.3765653527357471,0.5385592488339244,0.00017613923128774714,0.9878734913844205,0.9,0.5,1.0,0.0,0.44447350954660053,0.4404256440827448
Assam,Karbi Anglong,956313.0,252876.0,0.5826690633715113,0.6103639707919897,0.029401762128474035,0.2998426106075705,0.49483145889685065,0.00020563438206868187,0.852951644284155,0.9,0.5,1.0,0.0,0.44893511834033895,0.44017514147858616
Mizoram,Lawngtlai,117894.0,27266.0,0.5331993146385736,0.9542470354725431,0.03850949900975574,0.22049438861585857,0.5276901635736815,0.0011002714002787354,0.806608963544341,1.0,0.85,0.3,0.0,0.42306438562401333,0.4389868904922569
Assam,Dhubri,1949258.0,521019.0,0.47317543393434836,0.03936215729267239,0.13522731416704573,0.4370665945003925,0.6270846168757761,9.980442171974534e-05,0.8840406971722721,0.9,0.5,1.0,0.0,0.44704145061465383,0.4389156067185294
Arunachal Pradesh,West Kameng,83947.0,24195.0,0.5776501840446948,0.5524914529405458,0.01773093614383137,0.3087828063649514,0.37131638768340564,0.002149204381070469,0.7393676379417234,1.0,0.9,0.5,0.0,0.4373417063489658,0.43880667233670495
Meghalaya,South Garo Hills,142334.0,39643.0,0.5765453089212697,0.9453538859302767,0.023509825189819134,0.17972908205736196,0.5514466614534722,0.0006558534924198472,0.9063390762555811,0.9,0.85,0.5,0.0,0.43631354235890696,0.43833734642641237
Arunachal Pradesh,East Siang,99214.0,29021.0,0.6307174390710988,0.7053339246477311,0.016022879983460254,0.23627717859481065,0.36856069742600184,0.0023431308362909615,0.6718238516936011,1.0,0.9,0.5,0.0,0.43382835224261757,0.4371334827555853
Meghalaya,Ribhoi,258840.0,63724.0,0.6021441817338896,0.891172152681193,0.04058125666938673,0.2235578431987948,0.553104011047643,0.0006277069863787584,0.9099868181532861,0.9,0.85,0.5,0.0,0.43467954498162237,0.43685969882508413
Meghalaya,East Garo Hills,317917.0,74216.0,0.6043935995873136,0.9615371307605444,0.025264093995903847,0.11996065538428372,0.6661905788509216,0.0007815026409399591,0.8448043548560957,0.9,0.85,0.5,0.0,0.4284335992545298,0.4363443564610295
Assam,Dhemaji,686133.0,228262.0,0.6165393589872518,0.5389407010011179,0.05533553548115762,0.2985034740780331,0.4022439126968133,0.00022780839561556456,0.9276971199761678,0.9,0.5,1.0,0.0,0.44175657178132766,0.4359990989994737
Manipur,Tamenglong,140651.0,28101.0,0.6043753688206981,0.9573198910779163,0.07533539731682147,0.240240560834134,0.5084516565246788,0.0018148820326678765,0.8534215864204121,1.0,0.8,0.45,0.0,0.43530275862775625,0.4358090562743029
Arunachal Pradesh,Dibang Valley,8004.0,3230.0,0.5542228885557221,0.7122688655672164,0.03869969040247678,0.14024767801857585,0.28606811145510835,0.021052631578947368,0.6362229102167183,1.0,0.9,0.5,0.0,0.43928437426023836,0.4328167691210871
Assam,Udalguri,831668.0,281625.0,0.5650403766887748,0.3669925980078589,0.06282822902796271,0.3191939636040834,0.4749471815357301,0.00018464269862405682,0.9508743897026187,0.9,0.5,1.0,0.0,0.43963601023158716,0.4321172830810184
Tamil Nadu,Ariyalur,754894.0,254277.0,0.6366509735141622,0.24765331291545567,0.024964900482544627,0.6236820475308423,0.6213106179481431,0.0007708129323532998,0.8807520931897105,0.3,0.5,0.5,0.85,0.43082397239152004,0.4316795032371528
Assam,Goalpara,1008183.0,268114.0,0.5590026810608788,0.2744184339549467,0.08786933916169988,0.2443773917065129,0.5123343055565917,0.00019394735075378385,0.8526596895350486,0.9,0.5,1.0,0.0,0.4297231795730553,0.430465236075084
Tamil Nadu,Viluppuram,3458873.0,967314.0,0.6348241175666178,0.31529778630207006,0.01565468917021774,0.6422692114453011,0.5133638094765506,0.0007546670471015617,0.835346123389096,0.3,0.5,0.5,0.85,0.4364704357849724,0.43026801286140653
Assam,Dima Hasao,214102.0,58919.0,0.6579714341762337,0.7294653949986455,0.029888490979140855,0.1929428537483664,0.45769615913372597,0.0011541268521190109,0.6383339839440588,0.9,0.5,1.0,0.0,0.4372954951366107,0.43015795297898296
Assam,Morigaon,957423.0,257481.0,0.5639116670478984,0.26594096862097527,0.10290079656362994,0.27507660759434677,0.4651838388075237,0.00020195664922848677,0.9018374171298076,0.9,0.5,1.0,0.0,0.43260453877849037,0.4278277632453387
Arunachal Pradesh,West Siang,112274.0,30775.0,0.5766784829969539,0.8263979193758128,0.0074086108854589765,0.1355970755483347,0.317855402112104,0.0016896831844029246,0.7237043054427295,1.0,0.9,0.5,0.0,0.43941482974726725,0.42704732697477493
Arunachal Pradesh,Changlang,148226.0,39920.0,0.493665079000985,0.3634854883758585,0.011397795591182364,0.20906813627254509,0.4686122244488978,0.0013026052104208416,0.8372244488977956,1.0,0.9,0.5,0.0,0.4263203445196764,0.4270410059744189
Assam,Darrang,928500.0,288706.0,0.524543887991384,0.05242757135164244,0.11178153554134657,0.3093908682188801,0.48929707037609194,0.00018011402603340424,0.9300707293925308,0.9,0.5,1.0,0.0,0.42739311022257664,0.42689348309204805
Manipur,Chandel,144182.0,34160.0,0.6263056414809061,0.8934541066152502,0.045638173302107725,0.16794496487119437,0.5118852459016393,0.000702576112412178,0.8892564402810305,1.0,0.8,0.45,0.0,0.41877679691979214,0.4261735831132834
Jammu And Kashmir,Rajouri,642415.0,213578.0,0.5667815975654367,0.43736836779963106,0.015235651612057421,0.4893106967946137,0.47537667737313766,0.0006320875745629231,0.9180252647744618,0.9,0.9,0.4,0.0,0.4222086864230246,0.42566557798456345
Arunachal Pradesh,Lower Subansiri,83030.0,23477.0,0.651053835962905,0.8781283873298807,0.008689355539464157,0.15180815266005027,0.26962559100396133,0.0022149337649614515,0.7714784682881117,1.0,0.9,0.5,0.0,0.43447568205686604,0.42519673325440804
Manipur,Senapati,479148.0,39834.0,0.5519735029677678,0.87699416464224,0.025254807450921322,0.10300246020987096,0.4560425766932771,0.0015564593061203997,0.9541597630165185,1.0,0.8,0.45,0.0,0.42007889830533707,0.42516438694001896
Tamil Nadu,Dharmapuri,1506843.0,487926.0,0.6090276160157362,0.20469020329257925,0.01818103564884839,0.6170300414407103,0.4095498087824793,0.000778806622315679,0.8132770133175933,0.3,0.5,0.5,0.85,0.43044442694519136,0.4249471348863557
Tamil Nadu,Tiruvannamalai,2464875.0,710163.0,0.659998174349612,0.2662540696789898,0.0176593260983746,0.6334109211547209,0.4664478436640602,0.0007674294492954434,0.7929193720314913,0.3,0.5,0.5,0.85,0.42914551990674027,0.42411992550885025
Jammu And Kashmir,Reasi,314667.0,107833.0,0.4784168660838283,0.40081101609002534,0.007353963999888717,0.4260198640490388,0.40467203917168215,1.854719798206486e-05,0.8862964027709513,0.9,0.9,0.4,0.0,0.4252233631250272,0.4232731630877804
Assam,Bongaigaon,738804.0,220393.0,0.5875414859692151,0.13754527587831145,0.07562399894733499,0.28828048077752016,0.4686491857726879,0.0002359421578725277,0.825448176666228,0.9,0.5,1.0,0.0,0.4194835347868353,0.42276121419852236
Tamil Nadu,Perambalur,565223.0,188592.0,0.6649110174214425,0.3146952618700937,0.015589208449987273,0.5820925595995589,0.4928522949011623,0.0006203868668872486,0.8240699499448545,0.3,0.5,0.5,0.85,0.4269371780623107,0.42251468312797513
Assam,Barpeta,1693622.0,499381.0,0.529668367557814,0.07242702326729342,0.12006263754528106,0.18290243321231686,0.48323824895220285,0.00010412891159255158,0.8954866124261837,0.9,0.5,1.0,0.0,0.4174074795199537,0.4225041985742672
Jammu And Kashmir,Punch,476835.0,147408.0,0.5488774943114495,0.3704782576782325,0.01388662759144687,0.47806089221751874,0.4686923369152285,0.0007937154021491371,0.8964167480733746,0.9,0.9,0.4,0.0,0.418987673233687,0.4221049939468398
Jammu And Kashmir,Ramban,283713.0,89622.0,0.43729050131647124,0.18924758470708075,0.012753564972886123,0.4663252326437705,0.45826917497935776,1.11579746044498e-05,0.9404052576376336,0.9,0.9,0.4,0.0,0.4206078392387893,0.4210112123801504
Arunachal Pradesh,Lohit,145726.0,44971.0,0.5699875108079546,0.3253365905878155,0.03535611838740522,0.24836005425718796,0.39138555958284227,0.001156300727135265,0.7471259255964955,1.0,0.9,0.5,0.0,0.41912441174269877,0.42088976783220966
Jammu And Kashmir,Kishtwar,230696.0,78371.0,0.4660072129555779,0.22738148905919478,0.01854002118130431,0.4218014316520141,0.4071403963200674,5.103928749154662e-05,0.9235303875157903,0.9,0.9,0.4,0.0,0.4158214526693971,0.41981499361173935
Assam,Hailakandi,659296.0,175417.0,0.6178802844245984,0.10822149686938795,0.1318401295199439,0.1193156877611634,0.5386707103644459,0.000296436491332083,0.9076372301430307,0.9,0.5,1.0,0.0,0.40326514565982746,0.41878061347643863
Assam,Sonitpur,1924110.0,547853.0,0.576147933330215,0.1773999407518281,0.06754366591038106,0.27580391090310724,0.3813942791223193,9.49159719851858e-05,0.8822165799949987,0.9,0.5,1.0,0.0,0.4218522137424923,0.41807318992734777
Assam,Kamrup,1517542.0,434445.0,0.6558757517090137,0.19100954042787613,0.08390705382729689,0.2735881411916353,0.41608719170435843,0.00011969294156912843,0.8990689270218325,0.9,0.5,1.0,0.0,0.4132825643234246,0.4161092370881048
Assam,Lakhimpur,1042137.0,327933.0,0.6558504304136596,0.31787183450928236,0.05716411584073576,0.25037126486202976,0.3944952170107918,0.00015856897597984955,0.8942039989875981,0.9,0.5,1.0,0.0,0.41735542839266004,0.41605860976387976
Assam,Nagaon,2823768.0,799185.0,0.6058273909188007,0.1351042295259384,0.08877543997947909,0.16372429412463949,0.38874978884738826,6.506628627914688e-05,0.8446091956180358,0.9,0.5,1.0,0.0,0.40681220576265725,0.41540055961442457
Jammu And Kashmir,Doda,409936.0,133617.0,0.5344322040513642,0.22594746497014168,0.009789173533307887,0.40720117949063367,0.3884535650403766,0.0018485671733387218,0.915055718957917,0.9,0.9,0.4,0.0,0.4045070163949056,0.41509156672827086
Jammu And Kashmir,Udhampur,554985.0,183360.0,0.5808337162265647,0.3511410218294188,0.009991273996509599,0.40655541012216406,0.39277923211169286,0.0011889179755671902,0.8107766143106457,0.9,0.9,0.4,0.0,0.406608920816931,0.4149921780654402
Tamil Nadu,Pudukkottai,1618345.0,503941.0,0.6862226533897284,0.1767775103578038,0.02880495931071296,0.5406367015186302,0.5525527789959539,0.0006925413887736858,0.7931722165888467,0.3,0.5,0.5,0.85,0.41221391975992155,0.41129811040392966
Tamil Nadu,Cuddalore,2605914.0,758209.0,0.6966005017817165,0.29918331917323443,0.01782621941971145,0.5197208157645188,0.4541043432615545,0.000684507833592057,0.6560578943272897,0.3,0.5,0.5,0.85,0.41620424374900983,0.4109425434533346
Assam,Karimganj,1228686.0,294640.0,0.6472744053403392,0.13008205513857893,0.12016358946510997,0.10355688297583492,0.5036179744773283,0.00017648655986967146,0.889034075481944,0.9,0.5,1.0,0.0,0.3982952493633845,0.41060138446706373
Himachal Pradesh,Chamba,519080.0,200231.0,0.623876859058334,0.47620790629575405,0.011022269278982776,0.24080187383571974,0.2780788189640965,0.0005893193361667274,0.93089981071862,0.9,1.0,0.4,0.0,0.41087460963760275,0.40984560572887097
West Bengal,Kolkata,4496694.0,1308106.0,0.7979500050481532,0.056178161111251956,0.0197682756596178,0.005353541685459741,0.07343976711367427,0.0002775004472114645,0.0,0.6,0.55,0.85,0.9,0.4375984700347526,0.40936122649513
Jammu And Kashmir,Kathua,616435.0,214847.0,0.631378815284661,0.3155742292374703,0.01878546128174934,0.41945198210819795,0.3279729295731381,0.0006469720312594544,0.8442007568176423,0.9,0.9,0.4,0.0,0.39930016092730536,0.4084703375239794
Sikkim,North  District,43709.0,13609.0,0.6966528632547073,0.679425289986044,0.023072966419281356,0.13990741421118377,0.2747446542729076,0.000734807847747814,0.8481886986553017,1.0,1.0,0.4,0.0,0.4150309043211373,0.40829101737269513
Meghalaya,East Khasi Hills,825922.0,215091.0,0.6998602773627534,0.8073401604509869,0.04388375152842285,0.21589931703325568,0.24050285693032253,0.0005253590340832485,0.4939676694980264,0.9,0.85,0.5,0.0,0.41543026129182165,0.4078780566863547
Manipur,Thoubal,422168.0,104263.0,0.6379071838699285,0.10043631919046446,0.04403287839406117,0.04290112503956341,0.5328160517153736,0.0009303396219176506,0.6326405340341252,1.0,0.8,0.45,0.0,0.35229883995642175,0.40787752307842623
Tamil Nadu,Krishnagiri,1879809.0,580540.0,0.6319567573088543,0.15415076744499043,0.013988700175698487,0.4981034898542736,0.2729682709201778,0.0007045164846522203,0.7544493058187205,0.3,0.5,0.5,0.85,0.41285186653125305,0.4075927941991897
Gujarat,Dohad,2127086.0,376504.0,0.4734980155950441,0.7626837842945702,0.01757750249665342,0.7545949047022077,0.6438895735503474,0.0008871087690967426,0.859743853982959,0.75,0.05,0.5,0.7,0.44098931982436407,0.4062633047264068
Uttarakhand,Bageshwar,259898.0,99911.0,0.690590154599112,0.284892534763638,0.016524706989220407,0.25373582488414687,0.2954029085886439,0.0005304721201869664,0.9611654372391428,0.9,1.0,0.5,0.0,0.4071098299623811,0.40560077187038723
Tamil Nadu,Salem,3482056.0,1170352.0,0.6563828956225862,0.2009964802404097,0.014032530384021217,0.42303084883864,0.29484890015995185,0.0005485529139951057,0.4894365114085335,0.3,0.5,0.5,0.85,0.40595330295891274,0.4055962809776867
Nagaland,Mon,250260.0,51022.0,0.4780068728522337,0.952149764245185,0.015993101015248323,0.19223080239896514,0.26016228293677235,0.0015483516914272274,0.8546705342793305,1.0,0.8,0.3,0.0,0.417583846297949,0.40521521258945165
Uttarakhand,Uttarkashi,330086.0,121209.0,0.6517271256581618,0.2547184673085196,0.015733155128744566,0.30325305876626324,0.2509879629400457,0.0006022655083368397,0.9252448250542451,0.9,1.0,0.5,0.0,0.41470974675183664,0.4051036205488669
Sikkim,West District,136435.0,33977.0,0.6848096163008026,0.46727012863268225,0.06416105012214145,0.11884510109780146,0.35023692497866205,0.0009712452541425082,0.9444918621420373,1.0,1.0,0.4,0.0,0.40412754814654717,0.40421656238471265
Arunachal Pradesh,Papum Pare,176573.0,50488.0,0.6855408244748631,0.6638387522441144,0.024619711614641104,0.12503961337347488,0.20646490255110125,0.001346854698146094,0.40223419426398355,1.0,0.9,0.5,0.0,0.41432135641342654,0.4039283908598969
Tamil Nadu,Dindigul,2159775.0,713542.0,0.6861057286059891,0.2131888738410251,0.012880811500934774,0.4633560463154236,0.28935787942405633,0.000590014322913017,0.6219928189230627,0.3,0.5,0.5,0.85,0.4062921187927296,0.403800738256402
Uttarakhand,Champawat,259648.0,98041.0,0.6844882302193739,0.1876463519842248,0.03179282137065106,0.2808008894238125,0.28920553645923647,0.0005303903468956865,0.8690445833885824,0.9,1.0,0.5,0.0,0.40517945299923686,0.4037697042775677
Uttarakhand,Udham Singh Nagar,1648902.0,414659.0,0.6294121785284996,0.21911611484490892,0.041851256092355404,0.21525397977615343,0.22327502839682728,0.0006752536421493323,0.6497049382745822,0.9,1.0,0.5,0.0,0.40975474449969473,0.40345660592565885
Gujarat,The Dangs,228291.0,59618.0,0.6174925862167147,0.9508259195500479,0.008302861551880305,0.5630011070482069,0.4653963568049918,0.0007212586802643497,0.8739306920728639,0.75,0.05,0.5,0.7,0.4161602925652974,0.40291539688355704
Nagaland,Longleng,50484.0,15137.0,0.5914547183265986,0.9629783693843594,0.020942062495871043,0.21860342207835107,0.20763691616568672,0.0016515822157627006,0.8380788795666249,1.0,0.8,0.3,0.0,0.4058252283705974,0.40285830443758297
Tamil Nadu,Karur,1064493.0,364661.0,0.6829955669036809,0.20851240919386035,0.012954497464768648,0.42020945480871275,0.3282500733558017,0.0005457123191128199,0.5820227553810251,0.3,0.5,0.5,0.85,0.4025167773747421,0.4025623869323182
Nagaland,Peren,95219.0,24277.0,0.6532729812327371,0.8847183860364003,0.008608971454463071,0.13984429707130205,0.335214400461342,0.00016476500391316885,0.8322280347654158,1.0,0.8,0.3,0.0,0.38389855439612053,0.40149674315243933
Manipur,Churachandpur,274143.0,57825.0,0.7147182309962319,0.9310104580456185,0.01988759187202767,0.13672287073065284,0.3661738002594034,0.0007263294422827497,0.9160743623000432,1.0,0.8,0.45,0.0,0.4042502136051833,0.40135178992443044
Meghalaya,Jaintia Hills,395124.0,83717.0,0.4746029094663954,0.9551836891709944,0.06107481156754303,0.3723855369877086,0.2270267687566444,0.0007525353273528674,0.91434236773893,0.9,0.85,0.5,0.0,0.47146573374564776,0.4012093854005665
Tamil Nadu,Thiruvarur,1264277.0,408179.0,0.7486262899665184,0.34324835459317854,0.029349868562566914,0.45652030114239095,0.5177409910847937,0.0006639244057141597,0.7872306022602829,0.3,0.5,0.5,0.85,0.4075028449603915,0.401182342567766
Nagaland,Tuensang,196596.0,50141.0,0.5977283362835459,0.971108262629962,0.026226042559980855,0.25396382202189827,0.17335114975768334,0.0006980315510261064,0.8115115374643506,1.0,0.8,0.3,0.0,0.4091206872713071,0.40051955189216926
Tamil Nadu,Nagapattinam,1616450.0,517740.0,0.7504147978595069,0.31768566921339975,0.02408351682311585,0.46088963572449493,0.4963746281917565,0.0006451114458994862,0.7706879901108664,0.3,0.5,0.5,0.85,0.40545391371275424,0.400513695612751
Assam,Cachar,1736617.0,435160.0,0.6761007176596797,0.16265302021113465,0.09375861751999265,0.14206039158010847,0.47977065906792904,0.00011949627723136317,0.7956314918650611,0.9,0.5,1.0,0.0,0.397687258797917,0.4004553973544594
Tamil Nadu,Ramanathapuram,1353445.0,417239.0,0.7232994321897085,0.1847973135221601,0.02045350506544211,0.47328269888481184,0.47545171951806997,0.0006351275887441011,0.6961909121630528,0.3,0.5,0.5,0.85,0.40093252478489827,0.40021571452769156
Uttarakhand,Tehri Garhwal,618931.0,254236.0,0.6591914122898999,0.166424044037219,0.013137399896159474,0.22828395663871365,0.21625182900926698,0.0005074025708396923,0.8931032583898425,0.9,1.0,0.5,0.0,0.400754954075046,0.3995626324951096
Uttarakhand,Almora,622506.0,281138.0,0.7011932415109252,0.24461772256010383,0.008202377480098742,0.21323335870640042,0.22102668440410048,0.000465963334732409,0.9250119158562699,0.9,1.0,0.5,0.0,0.39856127745071146,0.39902971935416026
Uttarakhand,Pithoragarh,483439.0,209943.0,0.7147747699296085,0.2894119009844055,0.011036328908322734,0.23236783317376622,0.2548548891842071,0.0005001357511324503,0.8749374830311084,0.9,1.0,0.5,0.0,0.40173084312653967,0.39899816894347023
Assam,Golaghat,1066888.0,327083.0,0.676513373475004,0.16315020883166742,0.05159240926614957,0.20699333196772685,0.30980821381728796,0.0001589810537386535,0.8954699571668353,0.9,0.5,1.0,0.0,0.3997167816091882,0.3986343126125819
Tamil Nadu,Sivaganga,1339101.0,452417.0,0.7167077016595462,0.1706637512779096,0.01886312848544595,0.4205942747509488,0.42463037419018296,0.0005481668460734234,0.683493325847614,0.3,0.5,0.5,0.85,0.3959774310406057,0.3983474917701848
Assam,Tinsukia,1327929.0,381614.0,0.6011782256430879,0.09018102624462603,0.03522407458845849,0.119434821573632,0.26441377936868143,0.00013626334463620309,0.7617749872908227,0.9,0.5,1.0,0.0,0.39560665724004646,0.397982096697315
Uttarakhand,Hardwar,1890422.0,488011.0,0.623328547805728,0.22090147067691765,0.027146929065123532,0.2156037466368586,0.12258125329142171,0.0006454772535864971,0.6184860587158896,0.9,1.0,0.5,0.0,0.40940262584471415,0.3978356244436174
Nagaland,Kiphire,74004.0,20322.0,0.5571590724825685,0.9652045835360251,0.0070859167404783,0.3555260309024702,0.17045566381261687,0.0009349473477019978,0.7888987304399173,1.0,0.8,0.3,0.0,0.42163301883737025,0.3975715532205012
Andhra Pradesh,Mahbubnagar,4053028.0,1010015.0,0.47881386459703706,0.2647953579397922,0.048284431419335354,0.6149888863036688,0.36209264218848236,0.0010574100384647754,0.8405449424018455,0.3,0.05,0.6,0.95,0.41062478871300273,0.39743353033420603
Assam,Nalbari,771639.0,238944.0,0.6891447943921963,0.10831489854711854,0.06093477969733494,0.20480112494977903,0.3117759809829918,0.00021762421320476764,0.8818216820677648,0.9,0.5,1.0,0.0,0.39495762946161556,0.39728981579415373
Manipur,Bishnupur,237399.0,56149.0,0.658524256631241,0.10699286854620281,0.0419419758143511,0.037418297743503894,0.5054943097828991,0.0013713512262017132,0.6229318420630822,1.0,0.8,0.45,0.0,0.3493062348096268,0.397194090943641
Manipur,Ukhrul,183998.0,41890.0,0.7056000608702269,0.9448689659670214,0.043136786822630696,0.13399379326808308,0.17240391501551683,0.0018858916209119122,0.8613989018858916,1.0,0.8,0.45,0.0,0.40834169687786914,0.3971771608292973
Uttarakhand,Rudraprayag,242285.0,117159.0,0.7055038487731391,0.19838207070185937,0.008262276052202562,0.21171228842854584,0.20071014604085047,0.0004267704572418679,0.9619832876688944,0.9,1.0,0.5,0.0,0.3947242879971329,0.39675174240150324
Tamil Nadu,Namakkal,1726601.0,627484.0,0.6811828557958671,0.23308859429596068,0.011891936686831856,0.3338634929336844,0.2344792855275991,0.0004924428351957978,0.5902254081378967,0.3,0.5,0.5,0.85,0.3965500231397575,0.3963009696528742
Nagaland,Phek,163418.0,46198.0,0.6479885936677722,0.9616198949932077,0.017165245248712064,0.1210442010476644,0.17303779384388934,0.000757608554482878,0.8420927312870687,1.0,0.8,0.3,0.0,0.38892087151099375,0.3962143926448283
Uttarakhand,Chamoli,391605.0,186340.0,0.716425990475096,0.23385043602609773,0.010518407212622089,0.20865085327895244,0.21046474186970054,0.0004185896747880219,0.8770741655039176,0.9,1.0,0.5,0.0,0.3955708839649135,0.39593036319883773
Gujarat,Narmada,590297.0,160369.0,0.6273723227460075,0.8303023732121289,0.010407248283645842,0.5813530046330649,0.35448871041161323,0.0006235619103442685,0.8612699461866071,0.75,0.05,0.5,0.7,0.40852565981255984,0.3958112096163599
Assam,Dibrugarh,1326335.0,377015.0,0.6668986342062903,0.12195033683043877,0.03912045939816718,0.1392199249366736,0.25246210362982907,0.00013792554672890998,0.7953317507260984,0.9,0.5,1.0,0.0,0.3910102766827453,0.39518956738131883
Tamil Nadu,Virudhunagar,1942288.0,734724.0,0.7201753807880191,0.20703675253103557,0.009641715800763279,0.3855012222276664,0.30261295397999793,0.0004954241320550302,0.4951274219979203,0.3,0.5,0.5,0.85,0.39397260994093475,0.39425636444315243
Tamil Nadu,Thanjavur,2405890.0,753372.0,0.7444222304427883,0.1906250909226939,0.0291184169308124,0.40856177293554846,0.4379509724279639,0.0006384628045640135,0.6359009891527692,0.3,0.5,0.5,0.85,0.393429505854786,0.3941992370864555
Gujarat,Tapi,807022.0,218489.0,0.607215168855372,0.8518826004743365,0.008032440992452709,0.5670491420620718,0.32230455537807395,0.0012769521577745333,0.8800076891742834,0.75,0.05,0.5,0.7,0.4112465644820995,0.3941538505768722
Andhra Pradesh,Adilabad,2741239.0,817714.0,0.5411228280350601,0.359104040180371,0.043808715516672085,0.5454400927463636,0.3344824718666918,0.0007924531070765573,0.7306539939392013,0.3,0.05,0.6,0.95,0.4018988242558428,0.39393612546709544
Jammu And Kashmir,Kargil,140802.0,48144.0,0.6124628911521143,0.8689791338191218,0.011943336656696576,0.010011631771352609,0.13137670322366235,0.0008100697906281157,0.8385260884014623,0.9,0.9,0.4,0.0,0.4017542280966472,0.393691487598169
Mizoram,Mamit,86364.0,20855.0,0.6969454865453198,0.950986522162012,0.04147686406137617,0.10385998561496045,0.3960201390553824,0.0006713018460800767,0.8020139055382403,1.0,0.85,0.3,0.0,0.3904795789077983,0.3934936758345685
Uttarakhand,Garhwal,687271.0,316462.0,0.7200783970224264,0.18126183121359696,0.008857303562513035,0.2232527128059609,0.181737459789801,0.0004518709987297053,0.8837775151518982,0.9,1.0,0.5,0.0,0.3926949927744671,0.3927060135973494
Assam,Sivasagar,1151050.0,405229.0,0.7067503583684462,0.07939359715042787,0.03596238176438508,0.14578917106130115,0.21661332234366248,0.0001283225040656024,0.8888356953722463,0.9,0.5,1.0,0.0,0.38306407095124984,0.3925816603066282
Himachal Pradesh,Kinnaur,84121.0,44514.0,0.7215677417054005,0.754817465317816,0.004358179449162061,0.12838657501010917,0.12654445792334995,0.0004717616929505324,1.0,0.9,1.0,0.4,0.0,0.40576740559433205,0.3918207560660548
Assam,Jorhat,1092256.0,367154.0,0.7277863431283509,0.20932455395072216,0.04584724665943991,0.20105732199567483,0.23777216100056106,0.0001416299427488193,0.7798634905244121,0.9,0.5,1.0,0.0,0.39485922226944226,0.3915946177727296
Andhra Pradesh,Nalgonda,3488809.0,1030937.0,0.5735536109887357,0.2957066437285618,0.04399686886783576,0.49670154432327096,0.3837363485838611,0.0009389516527198073,0.8084916925088536,0.3,0.05,0.6,0.95,0.38888169739195677,0.39148042895854135
Tripura,Dhalai,378230.0,103528.0,0.730288448827433,0.7199217407397616,0.059790588053473454,0.2190808283749324,0.6482304304149602,0.0006278494706746001,0.8640850784328877,0.9,0.6,0.6,0.0,0.3823965842260575,0.39125065080333526
Jammu And Kashmir,Leh(Ladakh),133487.0,54394.0,0.7024654086165694,0.7217556765827384,0.006820605213810347,0.032742581902415704,0.19253961834025812,0.0006066845607971467,0.6787513328675957,0.9,0.9,0.4,0.0,0.3812373160544122,0.39100912604634064
Jammu And Kashmir,Kulgam,424483.0,121130.0,0.4925638953739019,0.06253725119733888,0.026368364566994137,0.2871708082225708,0.23305539503013292,2.476677949310658e-05,0.7921406753075209,0.9,0.9,0.4,0.0,0.38969533588902033,0.39081504313500404
Jammu And Kashmir,Kupwara,870354.0,181664.0,0.5051438839828392,0.08203558552037447,0.04658600493218249,0.24288246432975164,0.22247666020785625,0.0014257090012330456,0.8721485819975339,0.9,0.9,0.4,0.0,0.38724137527609936,0.3905852968187747
Himachal Pradesh,Kullu,437903.0,188704.0,0.7026030878984615,0.31852031157585126,0.005919323384771918,0.20396493979989824,0.15588434797354586,0.0005193318636594878,0.8902566983211803,0.9,1.0,0.4,0.0,0.38582334275249497,0.3902674301491392
Tamil Nadu,Vellore,3936331.0,1140300.0,0.7046988680575896,0.2370651756673918,0.016110672630009648,0.4593922651933702,0.20532052968517056,0.0006919231781110234,0.5730939226519337,0.3,0.5,0.5,0.85,0.4053345213884011,0.3900688301945025
Andhra Pradesh,Vizianagaram,2344474.0,749514.0,0.5282157106455435,0.20613749608654222,0.02388614488855445,0.6093441883673955,0.4724648238725361,0.0008178633087574081,0.7904562156277267,0.3,0.05,0.6,0.95,0.39727609581506984,0.3892593803254895
Bihar,Purnia,3264619.0,798596.0,0.4081107167482637,0.1624940000655513,0.04441544911319365,0.6849921612429815,0.5092687666855331,0.0010293064327895458,0.8926253074145125,0.75,0.05,1.0,0.0,0.3917145613596782,0.3890465551179094
Andhra Pradesh,Warangal,3512576.0,1046987.0,0.5878941836418629,0.326472082027549,0.059368454431621406,0.4695960885856271,0.3664381697193948,0.0008959041516274797,0.7246871260101606,0.3,0.05,0.6,0.95,0.38796343314699533,0.38874376726159854
Andhra Pradesh,Srikakulam,2703114.0,902436.0,0.5532067829917643,0.1560355945032285,0.02433524371811408,0.5914369550860117,0.566504439095958,0.0008233270835826585,0.8341333900686586,0.3,0.05,0.6,0.95,0.3889495593955929,0.3886887793177857
Andhra Pradesh,Khammam,2797370.0,870625.0,0.5827738196949277,0.4391485573949817,0.03851600861450108,0.43609820531227567,0.3949427135678392,0.0008407753050969131,0.7687144292893037,0.3,0.05,0.6,0.95,0.39136509355185,0.38846636072625734
Bihar,Jamui,1760405.0,356760.0,0.4877218594584769,0.21667854840221426,0.069536943603543,0.728946630788205,0.6842723399484247,0.0011099899091826437,0.913524498262137,0.75,0.05,1.0,0.0,0.3908467970043822,0.38843706818909046
Bihar,Banka,2034763.0,444096.0,0.47441446497700224,0.16625523463912012,0.05773751621271077,0.7442309770860355,0.6565787577460729,0.001148400345871163,0.9583603545179421,0.75,0.05,1.0,0.0,0.38955595698647877,0.3883488291960536
Jammu And Kashmir,Ganderbal,297446.0,77346.0,0.48168743234066014,0.20570792681696845,0.049052310397434906,0.13067256225273446,0.13034933933235074,5.171566726139684e-05,0.8247097458174955,0.9,0.9,0.4,0.0,0.3887862110402117,0.3882922408294913
Jammu And Kashmir,Bandipore,392232.0,98076.0,0.4741556017866977,0.19316628933896265,0.03998939597862882,0.1347832293323545,0.13123496064276682,6.117704637220115e-05,0.8210061584893348,0.9,0.9,0.4,0.0,0.38851138401779445,0.38803871775647897
Tamil Nadu,Tiruchirappalli,2722290.0,875727.0,0.7489947801299641,0.17807030110678876,0.014620994899095265,0.34528683025646123,0.3451817746854899,0.0005389807554180698,0.5169499170403562,0.3,0.5,0.5,0.85,0.3849585354721539,0.3876973148076207
Bihar,Sheohar,656246.0,166000.0,0.4323043492836528,0.1477692816413357,0.031897590361445786,0.702566265060241,0.5829578313253012,0.001042168674698795,0.9547228915662651,0.75,0.05,1.0,0.0,0.387910432730991,0.38769499383281947
Tamil Nadu,Tirunelveli,3077233.0,1064667.0,0.7387991094596996,0.1884758157734562,0.010436126976791804,0.3322268840867614,0.32737372342713733,0.0005372571893371355,0.5146792377334884,0.3,0.5,0.5,0.85,0.3854851736436489,0.38760130147720046
Bihar,Katihar,3071029.0,738070.0,0.4168602771253544,0.14427444351714033,0.04300811576137765,0.6795493652363597,0.5639221212080155,0.0009917758478193124,0.9053775387158399,0.75,0.05,1.0,0.0,0.3886845056850083,0.38758880813610835
Bihar,Madhepura,2001762.0,510278.0,0.4169211924294696,0.17924558463993223,0.04932605364134844,0.6762823402145497,0.5133926996656725,0.0009543817291750771,0.9529668141679634,0.75,0.05,1.0,0.0,0.39130889219896714,0.38751901252671295
Tripura,North Tripura,693947.0,192621.0,0.7499160598720075,0.42423124532565165,0.06302531915004075,0.10386717959101033,0.5234475991714299,0.000721624329642147,0.780999994808458,0.9,0.6,0.6,0.0,0.3497159755057059,0.3873397598026111
Bihar,Araria,2811569.0,703274.0,0.4253027402137383,0.14991700363747076,0.030652348871136995,0.7181710115829677,0.4783512542764271,0.0010067199981799412,0.9371326111871049,0.75,0.05,1.0,0.0,0.39029058385742116,0.3871803642118513
Tamil Nadu,Erode,2251744.0,843684.0,0.6628915187516876,0.173804393394631,0.012085093471015215,0.3269920965669611,0.18391601594909943,0.0006175297860336335,0.48748820648489244,0.3,0.5,0.5,0.85,0.39442507188663495,0.3869354366673941
Andhra Pradesh,Prakasam,3397448.0,1087575.0,0.5605486824228068,0.27638568713928807,0.029510608463784106,0.48431234627496955,0.30228535963037034,0.0007861526791255775,0.8031501275774084,0.3,0.05,0.6,0.95,0.38690409298715184,0.3864386818905092
Himachal Pradesh,Sirmaur,529855.0,192156.0,0.6844230968849968,0.3246303233903615,0.013067507650034347,0.18594787568433982,0.11970482316451217,0.0006453090197547826,0.8904327733716355,0.9,1.0,0.4,0.0,0.3877203716083019,0.38640663644983875
Tamil Nadu,Thoothukkudi,1750176.0,636739.0,0.7711778701113488,0.2015831550655477,0.011913829685318475,0.3360607721531114,0.27496509558861637,0.0004868556818413824,0.527811238199639,0.3,0.5,0.5,0.85,0.3824734274258754,0.38632939440507985
Bihar,Sitamarhi,3423574.0,856964.0,0.4196766303284229,0.11937904657530406,0.053239109227458795,0.6694913671986221,0.6014920113330315,0.0010105442002231132,0.9420395722574111,0.75,0.05,1.0,0.0,0.3866406951613583,0.3856231239048072
Tamil Nadu,Theni,1245899.0,410623.0,0.6983551636208072,0.20871274477305143,0.013671908295443753,0.3333300862348188,0.15971341108510725,0.0005309006071262447,0.4610750006697141,0.3,0.5,0.5,0.85,0.3927011784820767,0.38554424896025463
Sikkim,South District,146850.0,39298.0,0.7268709567585973,0.3230847803881512,0.03944221079953178,0.09695149880401038,0.2662221996030332,0.0008142908036032368,0.7922795053183368,1.0,1.0,0.4,0.0,0.3845110420073516,0.38510591644616954
Bihar,Saharsa,1900661.0,470697.0,0.4235347597493714,0.17007662071247845,0.0522459246606628,0.6416165813676314,0.5413057657049014,0.000985772163408732,0.9191709316184297,0.75,0.05,1.0,0.0,0.3869421444955038,0.3842568671165184
Andhra Pradesh,Medak,3033288.0,789132.0,0.5397235607037644,0.23305798855894988,0.0310125555673829,0.4603792521403263,0.31035111996472076,0.0009960310822523988,0.7522860560717345,0.3,0.05,0.6,0.95,0.3847862283244668,0.3838858148743256
Uttarakhand,Nainital,954605.0,298663.0,0.7296211522043149,0.2081499677877237,0.026739167556744558,0.12159859105413125,0.1409180246632492,0.0005558103949936886,0.6465012405286226,0.9,1.0,0.5,0.0,0.38568918275472974,0.38388000518154847
Tamil Nadu,The Nilgiris,735394.0,264105.0,0.7746146963396492,0.3653701281217959,0.01481229056625206,0.276143957895534,0.17189754075083774,0.0005263058253346207,0.42455084152136463,0.3,0.5,0.5,0.85,0.38793608764713944,0.38343048474687597
Gujarat,Panch Mahals,2390776.0,567601.0,0.6026516076788457,0.3438423340371494,0.018837176114911706,0.5639348767884482,0.4672102409967565,0.000695911388457737,0.8163533890884618,0.75,0.05,0.5,0.7,0.3782228492908867,0.3834134821343593
Andhra Pradesh,Nizamabad,2551335.0,720298.0,0.5447383428675576,0.22106661806466027,0.03153833552224218,0.4699041230157518,0.22482777961343778,0.0009176757397632646,0.7846266406404017,0.3,0.05,0.6,0.95,0.3841990848130978,0.3833227469046815
Jammu And Kashmir,Anantnag,1078692.0,277733.0,0.5057347231647217,0.1092360006378095,0.02394385975019173,0.18540468723558237,0.16158324721945178,0.0014546344870793172,0.7455613844951806,0.9,0.9,0.4,0.0,0.3817887994724123,0.3832700002550587
Bihar,Pashchim Champaran,3935042.0,936134.0,0.44713144103671576,0.20431548125788745,0.03913435469708396,0.6285232669681905,0.46699617789760867,0.0009987886349603797,0.8967882803102974,0.75,0.05,1.0,0.0,0.3837101546276853,0.38319245971466104
Bihar,Madhubani,4487379.0,1088786.0,0.4803111125670464,0.13173569694024062,0.03956792243838551,0.6666783004189988,0.6113561342632987,0.0010011150033156194,0.9621284623424622,0.75,0.05,1.0,0.0,0.37780489466680334,0.38317919214386764
Jammu And Kashmir,Samba,318898.0,114236.0,0.7153980269553274,0.34308148687040996,0.01630834412969642,0.36677579747190026,0.16855457123848874,0.001216779298995063,0.8250201337581848,0.9,0.9,0.4,0.0,0.38488897207160944,0.38287197724005434
Bihar,Nawada,2219146.0,424874.0,0.49163597167559053,0.2555744416996448,0.08118642232756064,0.6259008553123985,0.5053074558575013,0.0013203914572320265,0.8933260213616272,0.75,0.05,1.0,0.0,0.3847324000494808,0.3828051896877183
Himachal Pradesh,Lahul AND Spiti,31564.0,17434.0,0.6920859206691167,0.8852490178684578,0.0030400367098772515,0.07858208099116669,0.1003212114259493,0.00045887346564184924,1.0,0.9,1.0,0.4,0.0,0.4139496739678149,0.382672897698341
Tamil Nadu,Tiruppur,2479052.0,894908.0,0.710177116091151,0.16189010960641406,0.008731623809374818,0.27732571392813565,0.12050288968251485,0.0005698909832072123,0.39879630084880235,0.3,0.5,0.5,0.85,0.38246229976387003,0.38262885729779256
Bihar,Purba Champaran,5099371.0,1243825.0,0.4465172273207813,0.12985660388310638,0.04451751653166643,0.6406375494945028,0.47694731975961246,0.0009599421140433742,0.9183446224348281,0.75,0.05,1.0,0.0,0.38033924710885736,0.3818495575886256
Tamil Nadu,Madurai,3038252.0,1010441.0,0.7482690705050141,0.13826107906783242,0.01037071931958422,0.28025287968322743,0.24355702114225372,0.0004532674347141496,0.41340167313084086,0.3,0.5,0.5,0.85,0.376128017780998,0.3816582460827065
Bihar,Kishanganj,1690400.0,445150.0,0.4407572172266919,0.10491126360624704,0.029675390317870382,0.6677524429967426,0.5105604852296979,0.0009030663821183871,0.9026013703246096,0.75,0.05,1.0,0.0,0.3805337479469264,0.38126357032579916
Tamil Nadu,Thiruvallur,3728104.0,1119433.0,0.7488313094269903,0.23306458188934642,0.015237178107131022,0.2510065363447388,0.13576426637413763,0.00048149375621408337,0.34592244466618366,0.3,0.5,0.5,0.85,0.38025906763409995,0.3810948422696888
Tamil Nadu,Kancheepuram,3998252.0,1213504.0,0.7536748559120335,0.2474308772933772,0.010996255471757818,0.26637077422076894,0.1555272994567797,0.0004458164126364643,0.36159666552397024,0.3,0.5,0.5,0.85,0.3815736039493588,0.3807941804261119
Nagaland,Zunheboto,140757.0,37311.0,0.7309121393607423,0.9701897596567134,0.011846372383479404,0.16397309104553617,0.10849347377449009,0.0009648629090616708,0.8380102382675351,1.0,0.8,0.3,0.0,0.381703549918101,0.38044342287722316
Bihar,Khagaria,1666886.0,394703.0,0.4607561644887533,0.1486820334443987,0.07360724392771274,0.6220753325918476,0.6053336306032637,0.0010286215204850229,0.9467777037418008,0.75,0.05,1.0,0.0,0.38063981889090837,0.38026153142963726
Bihar,Supaul,2229076.0,600102.0,0.46354767625688853,0.16348343439164928,0.03697704723530333,0.6491346471099912,0.48042332803423415,0.0008881823423351363,0.9536495462438053,0.75,0.05,1.0,0.0,0.3803912003259405,0.3800467791808217
Andhra Pradesh,Karimnagar,3776269.0,1165280.0,0.5843940143035361,0.21621923650036584,0.03646591377179734,0.4449213922833997,0.26213098997665796,0.0008246944940271866,0.7528113414801593,0.3,0.05,0.6,0.95,0.37670713095611186,0.3798000756301971
Mizoram,Lunglei,161428.0,38794.0,0.7503159303218773,0.9521954060014372,0.021575501366190648,0.09743774810537711,0.25057998659586533,0.0006702067329999484,0.5536680930040728,1.0,0.85,0.3,0.0,0.38098697071856213,0.37969587993527354
Bihar,Darbhanga,3937385.0,1002713.0,0.4613808403293049,0.1570737939012822,0.06565886749249286,0.5905987057114049,0.5566089200000399,0.0009913105744116214,0.9047194960073321,0.75,0.05,1.0,0.0,0.377571162696004,0.37910482806214785
Andhra Pradesh,Anantapur,4081148.0,1244428.0,0.5662524368143473,0.18065064045704787,0.01920480734923997,0.4669221521855825,0.1648902146206932,0.0007786710038668368,0.7256321779966378,0.3,0.05,0.6,0.95,0.37717882591180885,0.3777696700015119
Uttarakhand,Dehradun,1696694.0,497638.0,0.7423294948882946,0.20072211017425654,0.01977340958688846,0.07865355941467493,0.07808085395407907,0.000438069440034724,0.45865669422351185,0.9,1.0,0.5,0.0,0.37897225752418556,0.3771974196177783
Jammu And Kashmir,Jammu,1529958.0,502609.0,0.7432458930245144,0.29228514769686487,0.02497368729967032,0.2680652356006359,0.14056851349657487,0.0008038057416401218,0.5064891396692061,0.9,0.9,0.4,0.0,0.36956881185981727,0.3771700368435882
Jammu And Kashmir,Shupiyan,266215.0,80888.0,0.5127434592340777,0.0821253498112428,0.02957175353575314,0.17834536643259816,0.10399564830382751,0.0014711700128572842,0.9348234595984571,0.9,0.9,0.4,0.0,0.37888493888867797,0.37698320315817935
Himachal Pradesh,Kangra,1510075.0,627328.0,0.7632998361008559,0.2675026074863831,0.007740767190369312,0.18124968118751275,0.16965925321362987,0.0005053177922872883,0.9378204065496837,0.9,1.0,0.4,0.0,0.37230419743670407,0.37696216509933794
Jammu And Kashmir,Pulwama,560440.0,169223.0,0.524512882734994,0.041055242309613875,0.02108460433865373,0.15064737062928799,0.11518528805186057,0.0012586941491404833,0.8717491121183291,0.9,0.9,0.4,0.0,0.37125282928885656,0.37659921934017826
Bihar,Gaya,4391418.0,807571.0,0.5232052608064184,0.30455971169221424,0.06375786153787097,0.6394868067327826,0.5319457979546071,0.0012122773106017922,0.8622015897054253,0.75,0.05,1.0,0.0,0.3834239191931824,0.3759626082541518
Andhra Pradesh,Kurnool,4053463.0,1090835.0,0.5247762222080231,0.20248760134235838,0.022305848272195155,0.4010643222852219,0.16048439956547048,0.0009552315428089491,0.7185807202739186,0.3,0.05,0.6,0.95,0.3786159165718332,0.3757636150539364
Himachal Pradesh,Bilaspur,381956.0,164445.0,0.7530186723078051,0.2871587303249589,0.006360789321657697,0.13905561129861047,0.11760771078476086,0.003210799963513637,0.9271063273434887,0.9,1.0,0.4,0.0,0.37127989858874233,0.37531044200934044
Bihar,Samastipur,4261566.0,1056465.0,0.5028386278659066,0.18890051215914525,0.07711661058340788,0.6465391659922477,0.602789491369804,0.0009512856554642132,0.9588382009815754,0.75,0.05,1.0,0.0,0.3801858014823977,0.3748468770917275
Sikkim,East District,283583.0,82138.0,0.7557893103606351,0.33055930715169807,0.03537948330857825,0.05795125276972899,0.17245367552168303,0.00081570040663274,0.49460663760987605,1.0,1.0,0.4,0.0,0.37723602235854925,0.37466701147828396
Nagaland,Wokha,166343.0,46669.0,0.7707447863751405,0.9415544988367409,0.006149692515374231,0.19874006299685015,0.08266729520666824,0.0008999550022498875,0.8249373245623434,1.0,0.8,0.3,0.0,0.3770052074695881,0.37459482561400786
Himachal Pradesh,Una,521173.0,205217.0,0.766952624176617,0.23810135981718164,0.009131797073341877,0.20836967697607897,0.10930381011319724,0.0005262721899257859,0.9019282028292003,0.9,1.0,0.4,0.0,0.3723938935610843,0.3743006931300491
Himachal Pradesh,Mandi,999777.0,462825.0,0.7239084315802424,0.30659437054463146,0.007501755523145898,0.07672230324636742,0.09713390590395939,0.0005034300221465997,0.9315162318370874,0.9,1.0,0.4,0.0,0.37083162856418095,0.3731900647122222
Jammu And Kashmir,Baramula,1008039.0,259475.0,0.5408014967674862,0.03886853584037919,0.029505732729550052,0.10845746218325465,0.09592831679352538,0.0014914731669717698,0.8114192118701223,0.9,0.9,0.4,0.0,0.365882786086538,0.3727338585891907
Jammu And Kashmir,Badgam,753745.0,187839.0,0.44530842658989445,0.03221248565496289,0.019873402222115748,0.056654901271833855,0.08429559356683117,0.0010700653218980085,0.855248377599966,0.9,0.9,0.4,0.0,0.37276748191575787,0.3726490491771788
Kerala,Wayanad,817420.0,277988.0,0.7897837097208289,0.22512417117271416,0.059315510022015336,0.04437601623091644,0.13985855504554154,0.0008417629537965667,0.9575341381642373,0.3,0.8,0.6,0.5,0.37746413710399146,0.3716769046444301
Himachal Pradesh,Shimla,814010.0,375165.0,0.7526222036584317,0.2758344492082407,0.009835672304186157,0.14075673370383698,0.07307184838670985,0.00041581704050217905,0.7443898018205323,0.9,1.0,0.4,0.0,0.3708462120186239,0.37167484682133034
Gujarat,Banas Kantha,3120506.0,804197.0,0.5463610709288814,0.19599866175549735,0.025215214679985127,0.5116097175194635,0.4128801773694754,0.0005956252012877442,0.8291164975745993,0.75,0.05,0.5,0.7,0.37170061369213436,0.3716487094968693
Mizoram,Champhai,125745.0,31112.0,0.8016382361127679,0.9820112131695097,0.028895602982771922,0.0249742864489586,0.14470300848547185,0.0007071226536384675,0.591250964258164,1.0,0.85,0.3,0.0,0.37021061584169457,0.37138182574829853
Karnataka,Bidar,1703300.0,389403.0,0.6121487700346386,0.3731620971056185,0.036222114364809724,0.5935008204867451,0.25402988677539723,0.0009681486788750986,0.7373697685944895,0.3,0.55,0.35,0.35,0.35566377177241704,0.3713530344823586
Tripura,South Tripura,876001.0,264077.0,0.7383667370242728,0.5536557606669399,0.03398251267622701,0.09379839970917574,0.6322663465580115,0.0006437516330464221,0.8299511127436316,0.9,0.6,0.6,0.0,0.35648598969665846,0.37132542855549305
Bihar,Vaishali,3495021.0,750811.0,0.5512813799974307,0.21181703915369893,0.10244655445911155,0.6035646787274027,0.5643817152385887,0.0010295533762824465,0.9314154960436115,0.75,0.05,1.0,0.0,0.3736101696829069,0.3712978112636639
Bihar,Saran,3951862.0,777622.0,0.5459335371528662,0.12926868397732513,0.07125184215467155,0.6376375668383868,0.46949031791796014,0.0011470868879738484,0.9018816340072683,0.75,0.05,1.0,0.0,0.369027083827146,0.3712110815952193
Bihar,Jehanabad,1125313.0,214792.0,0.5499634323961422,0.19928588757083585,0.07443014637416663,0.6025876196506388,0.4975697418898283,0.0011546053856754442,0.8690267793958807,0.75,0.05,1.0,0.0,0.3703412688433178,0.3707429035132623
Andhra Pradesh,Sri Potti Sriramulu Nellore,2963557.0,953513.0,0.6182398381404508,0.3214329942025748,0.029604210954648758,0.48227868943580215,0.2656565773093812,0.0007456636668823602,0.7227347713140775,0.3,0.05,0.6,0.95,0.38197914229236807,0.37065682376984327
Bihar,Aurangabad,2540073.0,477297.0,0.5771495543632014,0.24136983464648457,0.05241809607016176,0.6252333452755832,0.4622132550592189,0.0012256519525578413,0.8973259836118811,0.75,0.05,1.0,0.0,0.3695736352275202,0.37057386062072273
Karnataka,Yadgir,1174271.0,262995.0,0.4343145662287496,0.3578083764309942,0.03816042130078519,0.6217076370273199,0.23168121066940436,0.0013194167189490296,0.7900796593091124,0.3,0.55,0.35,0.35,0.3813717848462695,0.37035994498465763
Bihar,Kaimur (Bhabua),1626384.0,340442.0,0.5658417692254719,0.2625880480870446,0.04628394851399063,0.5931024961667479,0.4315830596694885,0.001066260919628013,0.955061361406642,0.75,0.05,1.0,0.0,0.3690778070337782,0.37032897361358386
Kerala,Idukki,1108974.0,412433.0,0.8323098647939446,0.18152003563654331,0.05359415953621558,0.06281505117194792,0.17738638760719924,0.0007977053242587281,0.9495117994922811,0.3,0.8,0.6,0.5,0.3699214447314063,0.37014645461646234
Bihar,Arwal,700843.0,144294.0,0.5512661180892154,0.2024761608520025,0.06260135556571998,0.6151607135431827,0.4599636852537181,0.0010326139687027874,0.9309742608840285,0.75,0.05,1.0,0.0,0.3704395025781547,0.36976793086706494
Karnataka,Chamarajanagar,1020791.0,319880.0,0.5537656582003564,0.3719311788603152,0.05011879454795548,0.5688570714017757,0.21561835688383144,0.0007440290108790796,0.8211829436038515,0.3,0.55,0.35,0.35,0.3624800406097334,0.3690758373713585
Bihar,Muzaffarpur,4801062.0,1119394.0,0.5226410323382619,0.15787215411923444,0.07018619002781862,0.6072759010678992,0.5373237662520971,0.0009505142961280836,0.8921738011817109,0.75,0.05,1.0,0.0,0.37126057895098624,0.36901312622231336
Mizoram,Saiha,56574.0,12827.0,0.74650899706579,0.9673171421501043,0.03422468231075076,0.046230607312699776,0.2593747563732751,0.001403289935292742,0.5490761674592656,1.0,0.85,0.3,0.0,0.3791008906279932,0.36872232552888967
Bihar,Sheikhpura,636342.0,132638.0,0.5165084184290837,0.20701446706330873,0.07085450625009423,0.5448363214161854,0.5181772945912936,0.0011535155837693572,0.8164553144649347,0.75,0.05,1.0,0.0,0.36985987683071664,0.36823213946668987
Nagaland,Kohima,267988.0,76100.0,0.7369322506977924,0.8386121766646267,0.008541392904073587,0.06926412614980289,0.12003942181340342,0.0007752956636005256,0.4184625492772667,1.0,0.8,0.3,0.0,0.36317529725280223,0.36793522267615764
Bihar,Nalanda,2877653.0,616663.0,0.5281849479419513,0.2116704133542161,0.0723604302512069,0.536275080554533,0.49787971712264234,0.001011897908582159,0.8337471195774677,0.75,0.05,1.0,0.0,0.3679532840105921,0.367721062522281
Kerala,Palakkad,2809934.0,894341.0,0.7969909613535406,0.1611443542802073,0.0342028376201024,0.06608105856714609,0.13016287970695742,0.0007737540826150205,0.7445694651145368,0.3,0.8,0.6,0.5,0.3718612431886149,0.3673390970403488
Tamil Nadu,Coimbatore,3458045.0,1169752.0,0.7622535276435095,0.16317109812046982,0.007811912268583426,0.17924910579336475,0.07986479185331592,0.0006197894938414296,0.24346613641182063,0.3,0.5,0.5,0.85,0.3666121503076676,0.3670341981614647
Bihar,Bhagalpur,3037766.0,653161.0,0.5178364627163514,0.12698443527249959,0.07447321563902315,0.555699130842166,0.5428615609321439,0.001021187731661872,0.799997244171039,0.75,0.05,1.0,0.0,0.36557296826938046,0.3665467577125327
Bihar,Begusarai,2970541.0,733625.0,0.5213437552284247,0.14605656006767792,0.0919134435167831,0.5444089282671665,0.5491715794854319,0.001023683762140058,0.8101918555120122,0.75,0.05,1.0,0.0,0.3669405229632309,0.3661376945670727
Andhra Pradesh,Chittoor,4174064.0,1303870.0,0.6391559880250998,0.22638009383660623,0.023659567288149892,0.48192227752766764,0.20513394740273186,0.0007830535252747589,0.6963654352044298,0.3,0.05,0.6,0.95,0.37217482009696207,0.36598925373569074
Bihar,Lakhisarai,1000912.0,207645.0,0.5068077912943396,0.16139480793516314,0.0617737003058104,0.5289797490909967,0.4997567964554889,0.0010691324134941848,0.8470321943701992,0.75,0.05,1.0,0.0,0.3658400745945112,0.3658378291415873
Assam,Kamrup Metropolitan,1253938.0,428192.0,0.7984374028061993,0.14108353044568392,0.03275633360735371,0.04614752260668112,0.08958364472012555,0.00033162693371197965,0.14323948135415887,0.9,0.5,1.0,0.0,0.36560782080353543,0.36543932378282806
Bihar,Gopalganj,2562012.0,554058.0,0.5398093373489273,0.14866089620189132,0.06014532774547069,0.601334156351862,0.383862339321876,0.0010756996559926938,0.9311750755336083,0.75,0.05,1.0,0.0,0.3668911132470619,0.365331827488949
Andhra Pradesh,Visakhapatnam,4290589.0,1379340.0,0.598577258273864,0.22094542264476974,0.017774442849478735,0.36599533110038135,0.32393391042092595,0.0006358113300564038,0.5211528702132904,0.3,0.05,0.6,0.95,0.36631308308181654,0.3651373696642183
Gujarat,Sabar Kantha,2428589.0,665533.0,0.6500622377849854,0.30052059035102274,0.014484631115211416,0.4354539895091603,0.3717366381531795,0.0005935092625008828,0.8174260329690639,0.75,0.05,0.5,0.7,0.35693627547913326,0.36490378618994834
Himachal Pradesh,Hamirpur,454768.0,211348.0,0.7874146817718045,0.24693909861731697,0.004783579688475878,0.04914169994511422,0.0859199046122982,0.00044949561860060185,0.9279292919734277,0.9,1.0,0.4,0.0,0.3555010232387539,0.3645110392122159
Bihar,Buxar,1706352.0,334657.0,0.5800719898356259,0.16324943505208772,0.08084396860068667,0.5809799287031199,0.39331912973581906,0.0011713485748094318,0.8942051115022247,0.75,0.05,1.0,0.0,0.36247783502434866,0.3641409370372282
Kerala,Thiruvananthapuram,3301427.0,1169117.0,0.8436981947503307,0.12107976338716561,0.0568805346257047,0.02995423041491998,0.1843938630607544,0.0006551953311772903,0.47838924590096626,0.3,0.8,0.6,0.5,0.3616329822758497,0.363506393102253
Bihar,Siwan,3330464.0,674372.0,0.5795513778260326,0.14222792980197355,0.06561956902125236,0.6143715931266422,0.3977018618803865,0.0010884200411642238,0.9379304004318092,0.75,0.05,1.0,0.0,0.3627586222012079,0.36346168044527855
Kerala,Kollam,2635375.0,925130.0,0.8500775032016317,0.12864355167670635,0.04730578405197108,0.029033757417876407,0.14113800222671408,0.0007209797541967075,0.5660988185444208,0.3,0.8,0.6,0.5,0.360342201671652,0.3631990022395936
Mizoram,Kolasib,83955.0,22176.0,0.7848847596926926,0.8777678518253826,0.018172799422799424,0.022772366522366524,0.27065295815295815,0.00040584415584415587,0.43601190476190477,1.0,0.85,0.3,0.0,0.36425234685528424,0.3622331322138718
Kerala,Alappuzha,2127789.0,723536.0,0.8707616215705599,0.09765300976741585,0.05139758076999624,0.03920191946219677,0.11421269985183875,0.0007131642378540943,0.4580546095840428,0.3,0.8,0.6,0.5,0.3567408528542275,0.36162137283059526
Tripura,West Tripura,1725739.0,506637.0,0.7888527755355822,0.4462076826217638,0.030382700039673374,0.057557975434087916,0.4680333256355142,0.00058621853516423,0.5716538665750823,0.9,0.6,0.6,0.0,0.3388281244234276,0.3615840131604768
Bihar,Bhojpur,2728407.0,511927.0,0.5861116028510409,0.16103865735573908,0.07009788505001689,0.5800846605082365,0.38900663571173233,0.0011759489145913382,0.8488690770363744,0.75,0.05,1.0,0.0,0.3604658486385996,0.3614560803714313
Kerala,Pathanamthitta,1197412.0,472840.0,0.8873746045638427,0.14412165570413527,0.03149691227476525,0.03243168936638186,0.13410878944251756,0.0006894509770746976,0.8776584045343033,0.3,0.8,0.6,0.5,0.3552327522325662,0.3614198173524245
Andhra Pradesh,Guntur,4887813.0,1582990.0,0.6056780404651324,0.24642841287095066,0.028407001939367904,0.32425157455195547,0.24234518221846,0.0007068901256482985,0.6758583440198611,0.3,0.05,0.6,0.95,0.36427936937369665,0.3612722605988102
Kerala,Kasaragod,1307375.0,417805.0,0.7935687924275744,0.07812601587149823,0.03701008843838633,0.045411136774332526,0.07372099424372613,0.0007300056246335013,0.6022929356996685,0.3,0.8,0.6,0.5,0.3651089047424111,0.36067213355983824
Mizoram,Aizawl,400309.0,100911.0,0.8508302336445096,0.9347004439070817,0.00741247237664873,0.005262062609626304,0.08077414751612808,0.0004558472317190396,0.20384299035784006,1.0,0.85,0.3,0.0,0.356651676258625,0.36043176408527744
Andhra Pradesh,East Godavari,5154296.0,1605841.0,0.6380264152466215,0.22475697942066192,0.02925133932936075,0.3179654772795065,0.33499331502932106,0.000793353762919243,0.7469475496017352,0.3,0.05,0.6,0.95,0.35796559492639585,0.35942467372563536
Manipur,Imphal East,456113.0,110941.0,0.7118060656021644,0.09536233345684074,0.0332699362724331,0.046439098259435194,0.3832938228427723,0.0004236486060158102,0.5806780180456279,1.0,0.8,0.45,0.0,0.3412955480408188,0.35902266460390675
Karnataka,Gulbarga,2566326.0,600007.0,0.5561912243417243,0.2782347215435607,0.023234728928162505,0.5350387578811581,0.20832090292279923,0.0012683185362837434,0.6678322086242328,0.3,0.55,0.35,0.35,0.3504002537320956,0.358844695684512
Karnataka,Raichur,1928812.0,455848.0,0.5079650064391967,0.39817462769829304,0.048483266351941876,0.5581641248837331,0.15950053526614136,0.0009608465979888032,0.7249039153402012,0.3,0.55,0.35,0.35,0.36933963385691826,0.3575707654453779
Karnataka,Chikkaballapura,1255104.0,409702.0,0.6240295624904391,0.37371564428127074,0.02889661265993332,0.42055445177226375,0.22566157841553128,0.00015865189820894212,0.7704355848885287,0.3,0.55,0.35,0.35,0.33781811985480337,0.35700942646818273
Bihar,Munger,1367765.0,308063.0,0.5862242417374329,0.15006232795838467,0.0651327812817508,0.5146414856701389,0.5005112590606466,0.0009316276216228499,0.7215439699022602,0.75,0.05,1.0,0.0,0.35335650339276714,0.356386710749443
Karnataka,Bijapur,2177331.0,527490.0,0.5733019003541492,0.2214119029215126,0.045153462624883886,0.56374149272972,0.20457639007374548,0.0008474094295626457,0.7515763332006294,0.3,0.55,0.35,0.35,0.34878229301780184,0.35610789805230697
Kerala,Kottayam,1974551.0,678161.0,0.8861751355118201,0.08907392110915342,0.02872179320249911,0.0181962690275613,0.09358839567595306,0.0007092711022898692,0.7106970173749302,0.3,0.8,0.6,0.5,0.35014934778088214,0.3554981099921509
Karnataka,Chitradurga,1659456.0,447348.0,0.6552701608237881,0.41680586891125765,0.04035784221679766,0.5329810348990048,0.18653039691694162,0.0008159195972710283,0.78172697765498,0.3,0.55,0.35,0.35,0.34770349795353656,0.3550571384748514
Bihar,Rohtas,2959918.0,608061.0,0.6080681964838215,0.19635543957636664,0.04727815136968166,0.5301721373349055,0.34111051358334116,0.0004917269813390433,0.842650655115194,0.75,0.05,1.0,0.0,0.3532935032007421,0.3540088508035593
Manipur,Imphal West,517992.0,136801.0,0.7579769571730838,0.07855526726281487,0.038259954240100584,0.02480976016257191,0.3136599878655858,0.001732443476290378,0.3732063362109926,1.0,0.8,0.45,0.0,0.33251880555276386,0.3534706871460796
Andhra Pradesh,West Godavari,3936966.0,1255628.0,0.6737139716218021,0.23387806752712623,0.03690822441041455,0.2451864724265467,0.28321525165096667,0.0008051747810657296,0.8021922097946207,0.3,0.05,0.6,0.95,0.3479032554021862,0.351711225947867
Kerala,Malappuram,4112920.0,1157129.0,0.8051007556675063,0.08054034603152992,0.023064844109861562,0.012581138317335405,0.07123319871855256,0.000999024309303457,0.5483770608117159,0.3,0.8,0.6,0.5,0.3595234439013406,0.35152623653727894
Gujarat,Kheda,2299885.0,622026.0,0.7218808766525283,0.06781512988692913,0.017116647857163526,0.455932710208255,0.3877249504040024,0.0005144479491210978,0.7418966409764222,0.75,0.05,0.5,0.7,0.33360777038172973,0.3511364914597221
Kerala,Kozhikode,3086293.0,990336.0,0.8474383345975253,0.06947460918324994,0.03161351298953083,0.010192500323122657,0.07083858407651544,0.0007775138942742665,0.3269526706087631,0.3,0.8,0.6,0.5,0.3536003843352058,0.3510561477026513
Tamil Nadu,Kanniyakumari,1870374.0,598041.0,0.8280365317310869,0.043590747091223465,0.02383114201200252,0.05832041615875835,0.31536132138097556,0.00045983469360796333,0.17432416840985818,0.3,0.5,0.5,0.85,0.3402071227221479,0.3508389250921836
Gujarat,Surendranagar,1756268.0,500598.0,0.6226988136207002,0.11439825812461424,0.014001254499618457,0.4270013064375007,0.29833519111143075,0.0005713167052205562,0.6807618088765836,0.75,0.05,0.5,0.7,0.34726133694656003,0.3507108420838358
Karnataka,Koppal,1389920.0,337649.0,0.5821090422470357,0.30424700702198687,0.03760710086509956,0.5200281949598548,0.12038240895130742,0.000938844776676371,0.8084371640372102,0.3,0.55,0.35,0.35,0.3485775009173059,0.3505041391728991
Andhra Pradesh,Krishna,4517398.0,1476334.0,0.6662503503122815,0.2221471298300482,0.027918479151736668,0.23807553033392173,0.22356458633344486,0.0007139305875228776,0.6159121174476778,0.3,0.05,0.6,0.95,0.3466637851397373,0.3483181398739649
Gujarat,Valsad,1705678.0,498391.0,0.6863294244282918,0.5517049525174154,0.008300711690219125,0.35502647519718455,0.25955524879060815,0.00044743986147422404,0.5265143230917091,0.75,0.05,0.5,0.7,0.36119026100762197,0.3482724206633888
Himachal Pradesh,Solan,580320.0,244296.0,0.7385201268265784,0.3277174662255307,0.008985001801093755,0.12458656711530275,0.07160166355568655,0.0004748338081671415,0.7891533221992992,0.9,1.0,0.4,0.0,0.37472420433316217,0.3473497366618594
Bihar,Patna,5838465.0,1210094.0,0.5925665393215511,0.15928621649697308,0.05873923843932785,0.35828208387117033,0.3261283834148421,0.0009015828522412309,0.5437519729872224,0.75,0.05,1.0,0.0,0.3384731126556074,0.34639943567079534
Maharashtra,Nandurbar,1648295.0,405012.0,0.5499676938897466,0.7219083962518845,0.030194167086407316,0.516209396264802,0.27073271903054724,0.0006518325382951617,0.8232842483679496,0.4,0.4,0.4,0.45,0.3855784974698302,0.34627629909359753
Maharashtra,Gadchiroli,1072942.0,330840.0,0.6602081007174666,0.4996085529320317,0.06047334058759521,0.5339801716841978,0.3160228509249184,0.000544069640914037,0.8873957199854915,0.4,0.4,0.4,0.45,0.3600080245312772,0.3456329690844049
Karnataka,Bagalkot,1889752.0,490657.0,0.589184189248113,0.2203209733340671,0.03403803471671656,0.5155251020570378,0.16798089092787832,0.0007744717796750072,0.661967525175428,0.3,0.55,0.35,0.35,0.34121975930632026,0.34498523052887414
Karnataka,Bellary,2452595.0,623480.0,0.5796395246667305,0.39501629906282937,0.034570475396163466,0.43617116828126,0.1035382049143517,0.0006656187848848399,0.5960159106948097,0.3,0.55,0.35,0.35,0.3471989415556802,0.34464384694374334
Nagaland,Dimapur,378811.0,111969.0,0.7339728782955088,0.5912948673612962,0.017969259348569692,0.02610543989854335,0.0654198930060999,0.0004644142575177058,0.43865712831230075,1.0,0.8,0.3,0.0,0.3438241358716164,0.34376639628419653
Karnataka,Kolar,1536401.0,477609.0,0.6614282339050808,0.3545571761538817,0.0277486395775624,0.3664713185890551,0.18624439656706637,0.0009987248984001558,0.6837538656097352,0.3,0.55,0.35,0.35,0.3265620079788387,0.34310339929382294
Maharashtra,Nanded,3361292.0,821682.0,0.6513641183211694,0.27435224312556006,0.054387220360188004,0.524059185913772,0.1833385665013959,0.0006389333099666295,0.719401179531741,0.4,0.4,0.4,0.45,0.3445629250006966,0.3429331312124079
Maharashtra,Parbhani,1836086.0,427239.0,0.6305881097072795,0.15675845249078746,0.060720112162045134,0.5906483256444285,0.21082345010638073,0.0005945150138447099,0.6869223081226199,0.4,0.4,0.4,0.45,0.34599008989866253,0.341978703223423
Karnataka,Ramanagara,1082636.0,351784.0,0.6232547227322941,0.20945636391178568,0.044362449685034,0.41590862574761783,0.10720214677188275,0.0006538102926795989,0.7588463375252996,0.3,0.55,0.35,0.35,0.3278424459788804,0.34113342855404033
Gujarat,Patan,1343734.0,404138.0,0.623570587631183,0.10173963001605972,0.021858869989953927,0.34809396790205327,0.27579440686102275,0.000507252473165107,0.7459902310596875,0.75,0.05,0.5,0.7,0.3398903906480936,0.34068798003723527
Andhra Pradesh,Y.S.R.,2882469.0,884093.0,0.5955887123157265,0.18792222917228252,0.01663852106056716,0.4185871848323649,0.13149634710375493,0.0007668876464353863,0.6680168262841126,0.3,0.05,0.6,0.95,0.36912735275300423,0.34034709432875826
Karnataka,Tumkur,2678980.0,890242.0,0.6768960574547029,0.26743760685036844,0.03630922827725495,0.47224013245836527,0.13080712884811097,0.0006885768139449723,0.7699513166082931,0.3,0.55,0.35,0.35,0.3288619921071621,0.3403027808238863
Maharashtra,Bid,2585049.0,698571.0,0.6647870117742449,0.14853722308551984,0.05525279463361634,0.5714966696298587,0.24437029306970945,0.0005668715134181064,0.8060941550679888,0.4,0.4,0.4,0.45,0.338600731579618,0.34014237367338884
Mizoram,Serchhip,64937.0,15490.0,0.8389054006190616,0.9689545251551503,0.06397675919948353,0.012007746933505488,0.04893479664299548,0.0006455777921239509,0.4823757262750161,1.0,0.85,0.3,0.0,0.3662843834173367,0.3398755540860322
Maharashtra,Hingoli,1177345.0,284369.0,0.6716323592489882,0.25015522213115104,0.0449556737900404,0.5306169097194139,0.16372037739697365,0.0006329803881576403,0.8526105166174934,0.4,0.4,0.4,0.45,0.3399343676872908,0.33883401054569195
Maharashtra,Latur,2454196.0,585632.0,0.6725917571375717,0.21937978873732986,0.040011474782798755,0.49618531774219987,0.1594465466367958,0.0006369187476094202,0.7318862357248238,0.4,0.4,0.4,0.45,0.3341839518689111,0.3364020155153987
Jammu And Kashmir,Srinagar,1236829.0,262239.0,0.6052445406761969,0.00808761760922488,0.014166466467611607,0.009334995938819169,0.012145409340334581,0.0009571421489557236,0.017228558681203026,0.9,0.9,0.4,0.0,0.3447676399089694,0.3361187883667474
Gujarat,Navsari,1329672.0,409156.0,0.7535008633708162,0.5077364944136599,0.008752162989177721,0.2873402809686281,0.22679858049252608,0.0004008251131597728,0.6543689937334415,0.75,0.05,0.5,0.7,0.34309997246920265,0.33544836444360365
Nagaland,Mokokchung,194622.0,55278.0,0.8195065306080505,0.9168079662114252,0.004468323745432179,0.008430116863851804,0.019012988892506966,0.0009587901154166214,0.6790404862694019,1.0,0.8,0.3,0.0,0.3514767340748106,0.33541806173103583
Karnataka,Belgaum,4779661.0,1318975.0,0.6385457043920061,0.1829870361098831,0.028734433935442293,0.43413332322447357,0.1393892985083114,0.0007702951155253132,0.7299433272048371,0.3,0.55,0.35,0.35,0.3242330479091867,0.3348163349345535
Uttar Pradesh,Bahraich,3487731.0,760262.0,0.4009391779354543,0.14922767839606896,0.06550241890295713,0.654363890343066,0.48943916702399964,0.0007681562408748563,0.9187885229039463,0.5,0.05,0.8,0.0,0.3372858976488495,0.33451346087867523
Maharashtra,Osmanabad,1657576.0,444990.0,0.6864300641418554,0.18172500084460683,0.044212229488303105,0.5399537068248724,0.17292073979190545,0.0005887772758938403,0.8250926987123306,0.4,0.4,0.4,0.45,0.33408805563216915,0.33449801662159473
Maharashtra,Dhule,2050862.0,528790.0,0.6309132452597981,0.3778342960179671,0.022880538588097354,0.3649728625730441,0.15905368860984512,0.0005522040885795874,0.7238733712816052,0.4,0.4,0.4,0.45,0.33714960675162187,0.33405537367438537
Kerala,Kannur,2523003.0,872479.0,0.8475748938863727,0.049433552001325404,0.022457847122968003,0.010928629800831882,0.05294454078550888,0.0006143414340058614,0.35105486779624495,0.3,0.8,0.6,0.5,0.3514604050553665,0.3339899200025402
Karnataka,Davanagere,1945497.0,530691.0,0.6725993409396159,0.32161807497004624,0.036895293117840705,0.3865243616341713,0.09650060016092227,0.0007650402965190666,0.6683361881019275,0.3,0.55,0.35,0.35,0.32544271818132614,0.33383257532629984
Gujarat,Vadodara,4165626.0,1240425.0,0.6945126614823318,0.3292494333384706,0.009583811999919383,0.2606663038877804,0.19956144063526615,0.0003813209182336699,0.44134389422980025,0.75,0.05,0.5,0.7,0.33668837704210575,0.333782896166359
Karnataka,Mysore,3001127.0,920982.0,0.6538143837298455,0.2902876152858576,0.02964661632909221,0.32654492704526256,0.08299076420603226,0.0005809016897181487,0.5869778128128454,0.3,0.55,0.35,0.35,0.3198009219960142,0.3336444558885544
Karnataka,Haveri,1597668.0,413564.0,0.6793920889696733,0.22617715320079015,0.0354963197957269,0.4720478571635829,0.08937189890802874,0.0008535559187937055,0.7618554806511205,0.3,0.55,0.35,0.35,0.32566061678100394,0.3327443091765367
Uttar Pradesh,Kheri,4021243.0,862610.0,0.5058246915195127,0.27731649144306875,0.08942511679669839,0.6121399009981335,0.5009656739430334,0.0009436477666616432,0.8751788177739651,0.5,0.05,0.8,0.0,0.3301370776430575,0.33271186835318756
Maharashtra,Yavatmal,2772348.0,798132.0,0.729552711275785,0.3039210806146992,0.058411390597044095,0.5306590889727514,0.16492134133201025,0.0005462755534172292,0.7883946515112789,0.4,0.4,0.4,0.45,0.33695327368039846,0.33261707899598425
Gujarat,Junagadh,2743082.0,776743.0,0.6718056550988997,0.11715435411701144,0.010777052384121903,0.26058168531933984,0.2344482023011472,0.0005394319614080848,0.6298569797217355,0.75,0.05,0.5,0.7,0.3255478535152534,0.33221302722698554
Maharashtra,Washim,1197160.0,330846.0,0.7266505730228207,0.258890206822814,0.04694933594482025,0.5030013964200867,0.14351087817292638,0.0005742853170357205,0.8309757409791867,0.4,0.4,0.4,0.45,0.33078659177420067,0.3319561617758341
Uttar Pradesh,Shrawasti,1117361.0,257274.0,0.37885070268248133,0.17440021622376295,0.05020328521343004,0.629437875572347,0.4383381142284102,0.0011233159977300465,0.9669457465581442,0.5,0.05,0.8,0.0,0.33837069803353576,0.3319357895985325
Karnataka,Gadag,1064570.0,291972.0,0.6577087462543563,0.2215448490940004,0.03329428849341718,0.5087645390653899,0.08240858712479279,0.0007466469387475512,0.6167235214335621,0.3,0.55,0.35,0.35,0.33137428971816507,0.33179563902213827
Maharashtra,Jalna,1959046.0,502830.0,0.6102577479038267,0.16055212588167914,0.04774575900403715,0.47631406240677765,0.17236242865381937,0.000527017083308474,0.8049360618897042,0.4,0.4,0.4,0.45,0.33752843011009337,0.3314859861654434
Uttar Pradesh,Sitapur,4483992.0,938902.0,0.5093080005495103,0.3229330025566504,0.09943955812214693,0.6834802780268867,0.45001288739399853,0.0009457856091477065,0.8814370402874847,0.5,0.05,0.8,0.0,0.3400680233804205,0.33142790219817325
Gujarat,Bharuch,1551019.0,481996.0,0.7209943914291186,0.354882177458819,0.008346542294956804,0.260085145934821,0.15236226026772007,0.0004419123810156101,0.6238163802189229,0.75,0.05,0.5,0.7,0.3346839851619378,0.33099688632218677
Maharashtra,Buldana,2586258.0,728192.0,0.7268702503771859,0.23034515504640296,0.04634903981367552,0.4712905387590086,0.13979829495517665,0.0005575452627878362,0.7901830835823519,0.4,0.4,0.4,0.45,0.32592101054149186,0.33009333330321133
Gujarat,Kachchh,2092371.0,739275.0,0.5985167066452365,0.1352948401597996,0.006467146866862805,0.2104223732711102,0.15534273443576477,0.0002664772919414291,0.660502519360184,0.75,0.05,0.5,0.7,0.33174569034330315,0.3292558094738476
Uttar Pradesh,Siddharthnagar,2559297.0,513513.0,0.4801810809765338,0.16441389959820998,0.047985153248311145,0.6326383168488432,0.4434415487047066,0.000884106147264042,0.9350590929538298,0.5,0.05,0.8,0.0,0.32408928176473134,0.32903672630152137
Kerala,Thrissur,3121200.0,1051867.0,0.8581789055491478,0.10693963860053825,0.031374689005359044,0.010446187588354802,0.03008365126009277,0.00059132951219118,0.3201431359668095,0.3,0.8,0.6,0.5,0.35466806699190856,0.3288842657569777
Uttar Pradesh,Gonda,3433919.0,726372.0,0.48923518580374203,0.15517052091211236,0.08018205547570666,0.6403468195359954,0.3948610353923334,0.0008769611163425903,0.9273182336323537,0.5,0.05,0.8,0.0,0.3258340537044687,0.3288475221749506
Gujarat,Porbandar,585449.0,183572.0,0.6724377358232742,0.11080213647986417,0.012360272808489312,0.26306844181029787,0.244122197284989,0.00040311158564486956,0.5230372823742183,0.75,0.05,0.5,0.7,0.3253908442239707,0.3285355856004167
Maharashtra,Solapur,4317756.0,1156231.0,0.6741177593175715,0.16845254803652637,0.04367206898967421,0.3587457869577965,0.13863233212048456,0.0005422791812362754,0.6745442735923877,0.4,0.4,0.4,0.45,0.3184938603645992,0.3281154407638755
Uttar Pradesh,Kaushambi,1599596.0,380620.0,0.5085184008962264,0.34733145119142583,0.03200830224370763,0.5949792443907309,0.4825547790447165,0.0008197152015133204,0.9191739792969366,0.5,0.05,0.8,0.0,0.32777909880763234,0.3280688114055583
Uttar Pradesh,Balrampur,2148665.0,445838.0,0.40413791819571687,0.1405984646280365,0.04658642825420893,0.608041485920895,0.4025296183815646,0.0008814861003324078,0.9197735500338688,0.5,0.05,0.8,0.0,0.3304077899935025,0.3274595089757071
Uttar Pradesh,Bara Banki,3260699.0,714908.0,0.5190476029832867,0.26533237198527065,0.0922538284646416,0.6400571821828823,0.36711576874227175,0.0007889126992564078,0.8894011537148836,0.5,0.05,0.8,0.0,0.33029975127173905,0.3269432979799884
Gujarat,Amreli,1514190.0,430613.0,0.6574201388200952,0.09261519360185974,0.010450218641796695,0.2706142174063486,0.21577146997419958,0.0005225109320898347,0.7285288646650241,0.75,0.05,0.5,0.7,0.3267058755596618,0.32691340454051393
Kerala,Ernakulam,3282388.0,1174691.0,0.8699995247362591,0.08681788990210786,0.02499295559427969,0.008781032629006267,0.044371668804817604,0.0005567421560223071,0.3147159550894661,0.3,0.8,0.6,0.5,0.35098751076462453,0.32624783479764574
Gujarat,Bhavnagar,2880365.0,744077.0,0.6552138357465113,0.05768157854994072,0.009812156537562644,0.3196618091944785,0.22491220666678313,0.00048247694795027933,0.5204447926760268,0.75,0.05,0.5,0.7,0.3289998628362123,0.3261615403420678
Gujarat,Jamnagar,2160119.0,646325.0,0.6465079007221362,0.09169957766215657,0.008764940239043825,0.26095849611263683,0.21419100297837776,0.0004146520713263451,0.5371260588713108,0.75,0.05,0.5,0.7,0.32708925318117293,0.3260280111813948
Uttar Pradesh,Chitrakoot,991730.0,230795.0,0.5355005898782935,0.26924767829953716,0.013566151779717931,0.6012608592040556,0.5315193136766394,0.0008059100067159167,0.8979267315149808,0.5,0.05,0.8,0.0,0.3177704685656421,0.3236178737523776
Gujarat,Gandhinagar,1391753.0,433258.0,0.7404287973512541,0.09111674269787814,0.012232895872667094,0.25795484445757494,0.21702080515535777,0.0010617230380050686,0.5484584243106878,0.75,0.05,0.5,0.7,0.3144560554244746,0.32245854867253965
Gujarat,Anand,2092745.0,621987.0,0.7412527565470232,0.061779624368950826,0.012808949383186465,0.3073167124071725,0.2773064388805554,0.00041962291816388447,0.6641264206486631,0.75,0.05,0.5,0.7,0.3168156366191644,0.32198907474671745
Tamil Nadu,Chennai,4646732.0,1314125.0,0.8126735090381799,0.16995342102793964,0.007179682298107106,0.004986588033862836,0.025239608104251878,0.0003584133929420717,0.0,0.3,0.5,0.5,0.85,0.34450508943313257,0.3218034206662848
Maharashtra,Chandrapur,2204307.0,684655.0,0.7161502458595831,0.3347110906058004,0.06674602537044205,0.42046286085692797,0.17540367046176542,0.0004440192505714557,0.6591991587003674,0.4,0.4,0.4,0.45,0.3316664864847247,0.32131754106842253
Maharashtra,Ahmadnagar,4543159.0,1323404.0,0.6937661657890468,0.20952997682889812,0.043527902288341275,0.3317452569283454,0.16350109263686674,0.000529694635953949,0.7869048302710283,0.4,0.4,0.4,0.45,0.316170179771858,0.3207215683632454
Uttar Pradesh,Sant Kabir Nagar,1715183.0,352151.0,0.5567621647369406,0.2160888954706291,0.07268188930316824,0.6153695431789205,0.38253476491618654,0.0009654949155333934,0.9228200402668174,0.5,0.05,0.8,0.0,0.31791290803496697,0.32071116876996825
Uttar Pradesh,Rae Bareli,3405559.0,778418.0,0.5772453215463306,0.3030700686730137,0.05986500826034342,0.6377087888512342,0.40655534687019057,0.0008311729687648538,0.9057151813036184,0.5,0.05,0.8,0.0,0.32186685714210744,0.3201978702520608
Maharashtra,Aurangabad,3701282.0,979132.0,0.6764783121091557,0.18445879022457623,0.038832353553964125,0.3713952766327727,0.12279447510652292,0.0004820596201533603,0.563549143527124,0.4,0.4,0.4,0.45,0.3199544219465895,0.3200638555671864
Maharashtra,Jalgaon,4229917.0,1169788.0,0.6836734621506758,0.23490768258573394,0.032940156677962164,0.35694672880898076,0.10855214791056157,0.0005248814315072475,0.6806558111384285,0.4,0.4,0.4,0.45,0.3205606003746474,0.3199899220804534
Gujarat,Mahesana,2035064.0,659743.0,0.7383772697074883,0.08436098324180467,0.014423798357845404,0.28329667764568933,0.2051298763306318,0.0004486595537959478,0.7215006449481086,0.75,0.05,0.5,0.7,0.3167135623185102,0.31968571539866464
Uttar Pradesh,Sonbhadra,1862559.0,428088.0,0.5292224300008751,0.433102521852999,0.017921548840425332,0.5664559623255032,0.5517954252396704,0.0007545177627029956,0.787333445459812,0.5,0.05,0.8,0.0,0.3269342981288753,0.31875560861555097
Karnataka,Bangalore Rural,990923.0,326462.0,0.6950580418458346,0.2690451225776372,0.021656425556420042,0.12919420943325716,0.0722564953960951,0.0005023555574615116,0.7077454650158365,0.3,0.55,0.35,0.35,0.2943131762740025,0.3184365835930502
Karnataka,Mandya,1805769.0,562302.0,0.6366534146947921,0.15932048894404544,0.03243452806498999,0.4643821291761367,0.06740861672197503,0.0007255887405700139,0.8160508054390702,0.3,0.55,0.35,0.35,0.32594339841161607,0.31807555155784834
Karnataka,Chikmagalur,1137961.0,392426.0,0.7191327295047897,0.26241760482125487,0.03419753023499972,0.2597534312201536,0.06541105839062651,0.0006090320213237655,0.7941879488107312,0.3,0.55,0.35,0.35,0.30350196603469126,0.3166466158045334
Gujarat,Rajkot,3804558.0,1181006.0,0.7162608639426709,0.08258147201330615,0.008233658423411904,0.18383479846842438,0.16018800920571105,0.0003852647658013592,0.38905306154244773,0.75,0.05,0.5,0.7,0.3100661992205944,0.31649124223420355
Maharashtra,Nashik,6107187.0,1668932.0,0.7115167752354725,0.346977421847407,0.029980850028641072,0.2716491744420983,0.10785340565103911,0.0004823443974949249,0.5420598322759705,0.4,0.4,0.4,0.45,0.31642047176710864,0.3157030987841425
Maharashtra,Gondiya,1322507.0,386515.0,0.7593479656440382,0.29505628325596767,0.03683686273495207,0.34830989741665913,0.2982575061769918,0.000520031564104886,0.8271399557585087,0.4,0.4,0.4,0.45,0.3139776343020547,0.3150934719323075
Uttar Pradesh,Hardoi,4092845.0,907677.0,0.5428011566526463,0.3114835768273658,0.06318547236516955,0.5801469024774232,0.4043090218216392,0.0009012016389089952,0.8666221574414688,0.5,0.05,0.8,0.0,0.3222077301341997,0.31491320289419406
Uttar Pradesh,Lalitpur,1221592.0,301832.0,0.5248814661523651,0.2555100229863981,0.019384955869490312,0.5775795806938959,0.44264690291287867,0.000791831217365952,0.8548232129131438,0.5,0.05,0.8,0.0,0.3166681855188896,0.3146402740097736
Uttar Pradesh,Pratapgarh,3209141.0,752786.0,0.6018928429757371,0.22123521528035073,0.04347982029421376,0.6021644929634717,0.46217384489084545,0.000799696062360352,0.9446044426968621,0.5,0.05,0.8,0.0,0.3083398109071002,0.31458514687049577
Maharashtra,Akola,1813906.0,504235.0,0.7780342531531402,0.2559884580568122,0.045722728489692305,0.3850407052267296,0.09671680863089631,0.0005354646147133777,0.6111396471883149,0.4,0.4,0.4,0.45,0.312924449639132,0.3142755745419436
Maharashtra,Amravati,2888445.0,781815.0,0.7796149831483722,0.31522220433485837,0.04401169074525303,0.34378081771263025,0.10790148564558112,0.0005167462890837346,0.6509481143237211,0.4,0.4,0.4,0.45,0.3128406822032953,0.31372095555528096
Uttar Pradesh,Kanshiram Nagar,1436719.0,343724.0,0.5045175848582778,0.1771042214935558,0.05492779090200277,0.5170514715294829,0.37116989212274965,0.001483748588984185,0.7891040485971302,0.5,0.05,0.8,0.0,0.3119229476435377,0.3132170108852772
Maharashtra,Bhandara,1200334.0,356418.0,0.749674673882436,0.24098126021590657,0.05561447513874159,0.28913522886049525,0.1915868446599218,0.0004909965265502865,0.7963767262035026,0.4,0.4,0.4,0.45,0.30799576971591824,0.3130863430394472
Uttar Pradesh,Kushinagar,3564544.0,785099.0,0.5484067527291009,0.17519772515081872,0.06056051529807069,0.5817075298783975,0.372135233900438,0.0008814175027607983,0.9455164253170619,0.5,0.05,0.8,0.0,0.31215455457657015,0.3128754435148621
Uttar Pradesh,Mirzapur,2496970.0,543115.0,0.572166665999191,0.27283507611224805,0.033002218682967696,0.5206411165222835,0.4783535715272088,0.000900361801828342,0.8564521326054335,0.5,0.05,0.8,0.0,0.307562542317782,0.31140840116162705
Uttar Pradesh,Budaun,3681896.0,867624.0,0.4202935118210835,0.16909331496598493,0.05455473799710474,0.47703383032281266,0.40136395489290294,0.0008782606290282426,0.8194286926133901,0.5,0.05,0.8,0.0,0.3190764284056097,0.3109818212847167
Maharashtra,Wardha,1300774.0,388704.0,0.7837318396585418,0.2601043686297543,0.0600739894624187,0.3129527866963036,0.10732588293405779,0.00047336790977196017,0.6907209599077961,0.4,0.4,0.4,0.45,0.30723260871679986,0.3108812350253155
Uttar Pradesh,Shahjahanpur,3006538.0,655003.0,0.49589594410581206,0.17734051590234348,0.08896447802529149,0.4805321502344264,0.4188331961838343,0.0009160263388106619,0.7943307129891009,0.5,0.05,0.8,0.0,0.3128410606903679,0.3106533942736995
Uttar Pradesh,Mahrajganj,2684703.0,607079.0,0.5286037226464156,0.18974575586200781,0.06020139059331652,0.5565964232002755,0.3813869364613172,0.0008697385348529599,0.9439397508396765,0.5,0.05,0.8,0.0,0.3135168465559453,0.31045463395041895
Andhra Pradesh,Rangareddy,5296741.0,1561322.0,0.6679631871749062,0.16440279031955687,0.009016077401074218,0.14370001831781015,0.10362244303225088,0.0005027790551852853,0.2767513683916578,0.3,0.05,0.6,0.95,0.33232554427888233,0.30939360208169386
Uttar Pradesh,Sultanpur,3797117.0,889628.0,0.589895439092343,0.2244552906850118,0.05905052448888749,0.582699735170206,0.3922572131272847,0.000820567697959147,0.9439192561385208,0.5,0.05,0.8,0.0,0.3098277595327027,0.3093578116589427
Uttar Pradesh,Basti,2464464.0,545025.0,0.5655521849781535,0.21001686370748365,0.06822072382000825,0.5746488693179213,0.37959543140222923,0.000877023989725242,0.9430026145589652,0.5,0.05,0.8,0.0,0.31224405582992454,0.3086308454902069
Uttar Pradesh,Etah,1774480.0,401998.0,0.594654208556873,0.1584413461971958,0.04602012945338037,0.5703038323573749,0.37011378166060527,0.0016890631296673118,0.8314618480688959,0.5,0.05,0.8,0.0,0.3024996410373534,0.30789376118087214
Uttar Pradesh,Pilibhit,2031007.0,461390.0,0.5224477315932441,0.16507673287192018,0.07110253798305122,0.42334467587073843,0.41631374758880774,0.0008691128979821843,0.805721840525369,0.5,0.05,0.8,0.0,0.3016711500712216,0.30707786625600697
Uttar Pradesh,Ballia,3239774.0,629381.0,0.6060885728448959,0.18668339211315357,0.09536830632001919,0.557646322338933,0.4201858651595774,0.0009707951145649455,0.897591443021,0.5,0.05,0.8,0.0,0.30611601688311574,0.30661133895459586
Uttar Pradesh,Chandauli,1952756.0,395759.0,0.6015119144429719,0.25016489515331153,0.04882011527217322,0.5475832514232146,0.41792606106241426,0.0009677606826376658,0.8715834636735993,0.5,0.05,0.8,0.0,0.3059236488217103,0.30656857889429695
Uttar Pradesh,Fatehpur,2632733.0,636540.0,0.5743711952560324,0.2475830249402427,0.0410202029723191,0.5521695415841895,0.41067804065730357,0.0008467653250384894,0.8778819869921765,0.5,0.05,0.8,0.0,0.3091159764934279,0.30644169148004347
Madhya Pradesh,Jhabua,1025048.0,235793.0,0.3434775737331325,0.8870267538690871,0.04255851530791838,0.7725632228268015,0.6843884254409588,0.0016879211851072763,0.895191969227246,0.35,0.05,0.4,0.0,0.32510472454431005,0.3061445099742584
Uttar Pradesh,Banda,1799410.0,445625.0,0.5573699156945888,0.2156362363219055,0.008653015427769986,0.5140936886395512,0.425635904628331,0.0007809256661991585,0.848372510518934,0.5,0.05,0.8,0.0,0.3029104231814865,0.30584368718170113
Uttar Pradesh,Sant Ravidas Nagar (Bhadohi),1578213.0,339507.0,0.5766940203888828,0.22492274490198724,0.03962215801146957,0.5165961232021725,0.4465092030503053,0.0009042523423670204,0.8645182573555185,0.5,0.05,0.8,0.0,0.30394927487072254,0.30580515857515195
Karnataka,Hassan,1776421.0,628981.0,0.6897328955242029,0.2124271217239607,0.036713350641752296,0.3970755873388862,0.04171827129913304,0.000620050526168517,0.7887408363686661,0.3,0.55,0.35,0.35,0.3166827476493738,0.30552451128799346
Madhya Pradesh,Alirajpur,728999.0,150528.0,0.2877287897514263,0.9266336442162472,0.034252763605442174,0.7787587691326531,0.6760336947278912,0.002099277210884354,0.9025961947278912,0.35,0.05,0.4,0.0,0.3351421235263174,0.3053559266205795
Uttar Pradesh,Kanpur Dehat,1796184.0,405256.0,0.6515162143744739,0.256847294041145,0.06601752966026413,0.5828957498470103,0.3262826460311507,0.0008463785853880017,0.8980323548571767,0.5,0.05,0.8,0.0,0.3043418291173917,0.30529953742563765
Uttar Pradesh,Mahoba,875958.0,246823.0,0.5572253464207187,0.2529173773171773,0.01098357932607577,0.48715476272470554,0.376411436535493,0.0006522892923268901,0.8034016278871904,0.5,0.05,0.8,0.0,0.3032229815139148,0.3052756719379524
Uttar Pradesh,Mainpuri,1868529.0,411258.0,0.6442955929503904,0.19731243132967163,0.05300808738067101,0.5733894538221749,0.37169368133872166,0.0009045416745692485,0.823023503494157,0.5,0.05,0.8,0.0,0.2992755193377397,0.30511680086690807
Uttar Pradesh,Ghazipur,3620268.0,761640.0,0.6070127957377741,0.20864560303270366,0.07011580274145265,0.5285922483062865,0.4054356388845124,0.0009216952891129668,0.9192965180400189,0.5,0.05,0.8,0.0,0.30258278980641967,0.30504737257372494
Uttar Pradesh,Azamgarh,4613913.0,971458.0,0.60077357332052,0.2559010107039296,0.05910085665051912,0.5296543957638931,0.3714715407150901,0.0008955611050606408,0.9172028023856924,0.5,0.05,0.8,0.0,0.30571730891613375,0.30501816945109417
Uttar Pradesh,Jaunpur,4494204.0,1006670.0,0.6078222083376723,0.22141429272013463,0.04612435058162059,0.5199618544309456,0.4244618395303327,0.0008394011940357813,0.9199519206890043,0.5,0.05,0.8,0.0,0.3003938846647517,0.30469957594636093
Uttar Pradesh,Ambedkar Nagar,2397888.0,566590.0,0.6201036078415673,0.24683012717858382,0.06352212358142573,0.5129458691470022,0.38387370055948744,0.0009018867258511446,0.8852238832312607,0.5,0.05,0.8,0.0,0.30139004322549634,0.3045793943734714
Uttar Pradesh,Unnao,3108367.0,717356.0,0.5705838467594078,0.3061137890088268,0.05494621917151317,0.5869651888323232,0.2856643005704281,0.0008391928136099789,0.8312706661685412,0.5,0.05,0.8,0.0,0.31796253368083977,0.3044448032984007
Uttar Pradesh,Allahabad,5954391.0,1248570.0,0.6156342437035123,0.22131667201566038,0.03007440511945666,0.4848987241404166,0.4202808012366147,0.0008609849668020215,0.7875137156907502,0.5,0.05,0.8,0.0,0.2947339505797307,0.3038295611115463
Chhattisgarh,Bijapur,255230.0,58391.0,0.3405516592877013,0.8396779375465266,0.03548492062132863,0.8055522255142059,0.7299412580705931,0.005017896593653132,0.8639858882362008,0.3,0.05,0.35,0.0,0.3124858379528206,0.303762426559979
Uttar Pradesh,Deoria,3100946.0,665706.0,0.6047312658782191,0.18657435505165199,0.05921833361874461,0.5480016704070566,0.3231486572150469,0.000950870203963912,0.8979609617458758,0.5,0.05,0.8,0.0,0.30216903217351665,0.3023291579253946
Uttar Pradesh,Mau,2205968.0,451528.0,0.6178892894185228,0.2255028178105938,0.06704124661150582,0.5079707127797168,0.35586718874576995,0.0008903102354671249,0.7800335748835067,0.5,0.05,0.8,0.0,0.3001175584168186,0.3016467626402555
Uttar Pradesh,Kannauj,1656616.0,365770.0,0.6139545917702111,0.1871254412609802,0.06332668070098696,0.5183147879815184,0.3316920469147278,0.0008885365120157476,0.8195997484758182,0.5,0.05,0.8,0.0,0.2986548057921242,0.3011431545182289
Karnataka,Shimoga,1752753.0,554106.0,0.72058983781514,0.21313328232785794,0.042203116371235826,0.1946053643165748,0.058454519532363844,0.0006063821723641324,0.6360588046330485,0.3,0.55,0.35,0.35,0.2948355625106241,0.30095918426242707
Uttar Pradesh,Faizabad,2470996.0,589666.0,0.5871725409510983,0.22500157831093212,0.06161793286368893,0.5399633012586786,0.3041806717701207,0.0008699840248547483,0.865537439838824,0.5,0.05,0.8,0.0,0.3066203485002804,0.2999012728861525
Uttar Pradesh,Gorakhpur,4440895.0,951128.0,0.6080594114474672,0.2148740287712274,0.05782397321916714,0.49435512360060896,0.3208400972319183,0.0008326954941921592,0.801109840105643,0.5,0.05,0.8,0.0,0.2986683020562876,0.2994684014480164
Uttar Pradesh,Auraiya,1379545.0,314274.0,0.6747413096346984,0.28398638681594296,0.06488923678064364,0.5517510198107384,0.31244391836422997,0.0008241216263515276,0.8140539783755576,0.5,0.05,0.8,0.0,0.300132255612395,0.29893294145102256
Chhattisgarh,Dakshin Bastar Dantewada,533638.0,137849.0,0.35836465918843863,0.7931425423226982,0.026137295156294205,0.6946586482310354,0.6846622028451421,0.0013202852396462796,0.7729109387808399,0.3,0.05,0.35,0.0,0.2958686467748787,0.2985531010444626
Karnataka,Dharwad,1847023.0,483104.0,0.7047362160622797,0.14369230919160184,0.021531595681261177,0.30415604093528514,0.04770401404252501,0.0005982148771279062,0.413383039676757,0.3,0.55,0.35,0.35,0.3002871085017207,0.29734829215579756
Uttar Pradesh,Firozabad,2498156.0,535368.0,0.6091717250644075,0.19072267704658957,0.04431904783251894,0.4874142645806249,0.3271413308229106,0.0009152582896250803,0.6532833490234754,0.5,0.05,0.8,0.0,0.29505337586868247,0.29676137466170727
Uttar Pradesh,Mahamaya Nagar,1564708.0,373033.0,0.6023948238265542,0.24785582996955344,0.027874209520337343,0.48857071626370857,0.3012789753185375,0.0008042183935469516,0.772451767001847,0.5,0.05,0.8,0.0,0.2984412953684886,0.2967062204092396
Chhattisgarh,Narayanpur,139820.0,33095.0,0.4049563724789014,0.8091832355886139,0.03314700105756156,0.726423931107418,0.7130684393412903,0.008853301102885631,0.8132950596766884,0.3,0.05,0.35,0.0,0.2946597398368727,0.296277225191935
Uttar Pradesh,Hamirpur,1104285.0,311381.0,0.5916036168199332,0.21884930067871972,0.010318548659038284,0.4456822991768926,0.2867837151271272,0.0007707599371830651,0.8224040644740688,0.5,0.05,0.8,0.0,0.29249794212611624,0.29576628166408037
Uttar Pradesh,Farrukhabad,1885204.0,411490.0,0.5796067693469779,0.16599901124758912,0.058132639918345524,0.4659602906510486,0.3042042333957083,0.0008724391844273251,0.7695132323993292,0.5,0.05,0.8,0.0,0.2966852727935646,0.2956021484396178
Gujarat,Ahmadabad,7214225.0,2198552.0,0.7534780243200067,0.11763162363247612,0.0055386454357231486,0.09051684927170246,0.0907570073393761,0.00027927472263562564,0.16063709204967633,0.75,0.05,0.5,0.7,0.29875944687943745,0.29505400615101596
Andhra Pradesh,Hyderabad,3943323.0,1066289.0,0.7334309160066269,0.07528269938830778,0.007688347155414714,0.007434194669550188,0.007889981046414246,0.00039013813328281545,0.0,0.3,0.05,0.6,0.95,0.30508077163605957,0.2943736550935682
Uttar Pradesh,Etawah,1581810.0,351126.0,0.6713846795759288,0.24557437366055343,0.054780904860363515,0.5111042759579182,0.3113440759157681,0.0008259143441385713,0.7565460831724224,0.5,0.05,0.8,0.0,0.2934247539712117,0.2938646806726158
Uttar Pradesh,Mathura,2547184.0,585290.0,0.5919266138606398,0.19947518514563534,0.024579268396863092,0.4276102444941824,0.2911257667139367,0.0007329699806933315,0.6962155512651848,0.5,0.05,0.8,0.0,0.2908010137600349,0.29171691860560445
Karnataka,Kodagu,554519.0,212974.0,0.7445678146285339,0.23739132473368812,0.028322706058016473,0.11393879065050194,0.05995097993182266,0.0005446674241926245,0.8507235625005869,0.3,0.55,0.35,0.35,0.28472255919957157,0.2914321693415123
Uttar Pradesh,Aligarh,3673889.0,858059.0,0.5695781772394322,0.2057446482460412,0.026515659179613522,0.3993315144995857,0.2887785105686206,0.0007412077724259055,0.6784113912912748,0.5,0.05,0.8,0.0,0.29187098698505115,0.2910550745869108
Gujarat,Surat,6081322.0,1899838.0,0.7517131965714033,0.16691551606706567,0.004367740828428529,0.07885409176992986,0.07850722008929183,0.00037476879607629705,0.19466922969221587,0.75,0.05,0.5,0.7,0.3011757776249749,0.2910405334618779
Karnataka,Bangalore,9621551.0,3267960.0,0.7807759892349997,0.14432434022331742,0.008805187333994297,0.02613128679665602,0.014197542197578917,0.00024755504963341044,0.09197664598097896,0.3,0.55,0.35,0.35,0.2638731270559578,0.290966793345145
Madhya Pradesh,Barwani,1385881.0,299270.0,0.39680607498046366,0.7577389400677259,0.04054532696227487,0.6470778895311926,0.4939686570655261,0.0010525612323320078,0.8365623016005613,0.35,0.05,0.4,0.0,0.2976606956998034,0.2907915539017493
Uttar Pradesh,Jalaun,1689974.0,396421.0,0.6362204388943262,0.2775249796742435,0.022284389575728834,0.42873107126009974,0.20329901796322597,0.0008147903365361573,0.7690208137308568,0.5,0.05,0.8,0.0,0.2899895667002182,0.29068607598131907
Andaman And Nicobar Islands,Nicobars,36842.0,15958.0,0.687584821670919,0.6427718364909614,0.007582403810001253,0.11423737310439905,0.09380874796340394,0.039854618373229726,1.0,1.0,0.05,0.15,0.9,0.3384671147000549,0.2904819556836536
Karnataka,Uttara Kannada,1437169.0,474792.0,0.7528036020815924,0.1048380531447589,0.03661814015400428,0.2584773964177998,0.05972720686110971,0.0005644576993715142,0.7040577768791386,0.3,0.55,0.35,0.35,0.28841978149242625,0.29036178303690097
Maharashtra,Sangli,2822143.0,853673.0,0.7262094798172878,0.1316113322393656,0.030087633086673702,0.159384213861748,0.07955856633629035,0.0004791061682869202,0.7343233298932964,0.4,0.4,0.4,0.45,0.28980529104254066,0.2903346088691504
Maharashtra,Nagpur,4653570.0,1308366.0,0.7894601349071788,0.28049089193887705,0.035232496105829715,0.16731633197438636,0.0623044316345732,0.00037527725422397095,0.3292992939284573,0.4,0.4,0.4,0.45,0.2924857427352846,0.2901349907577602
Uttar Pradesh,Jyotiba Phule Nagar,1840221.0,451374.0,0.5342347468048675,0.17289499467726974,0.03734818576169651,0.31570050556744517,0.23881304638725315,0.0007532556150775188,0.7441456530504637,0.5,0.05,0.8,0.0,0.2878739482956991,0.288988929595398
Uttar Pradesh,Bulandshahr,3499171.0,880077.0,0.580610664640282,0.20741998604812398,0.025822740510205357,0.36264099618556106,0.2154027431690636,0.0008169739693231388,0.7481720349469422,0.5,0.05,0.8,0.0,0.2871352913773586,0.2886555741869928
Uttar Pradesh,Moradabad,4772006.0,1047916.0,0.4744017505426439,0.15341367969780423,0.03787421892594445,0.2651911031036839,0.24079220090159897,0.0007910939426442578,0.6607380744258128,0.5,0.05,0.8,0.0,0.2901404648801399,0.2874895623120959
Uttar Pradesh,Bareilly,4448359.0,994411.0,0.49271180675840237,0.12597387036432986,0.04764428390273237,0.27484510931596695,0.31915676717172276,0.0008115356728757023,0.6351629255911289,0.5,0.05,0.8,0.0,0.28756596638481,0.2871975517648769
Uttar Pradesh,Jhansi,1998603.0,504913.0,0.6527124196251082,0.2833869457816285,0.013711273031195473,0.4034635669907489,0.2371259999247395,0.0006931887275629663,0.613159098696211,0.5,0.05,0.8,0.0,0.28510496803195584,0.28561444797722085
Maharashtra,Raigarh,2634200.0,959028.0,0.7364642016551515,0.16706286538607548,0.01639576738114007,0.11307594773041037,0.051406215459819736,0.0002909195560505011,0.6067268108960322,0.4,0.4,0.4,0.45,0.2854011676201876,0.2853569706368734
Uttar Pradesh,Rampur,2335819.0,539992.0,0.44680944884856233,0.13198539784118546,0.04066356538615387,0.23774981851582985,0.25718529163395015,0.0008537163513533533,0.7347794041393206,0.5,0.05,0.8,0.0,0.290204569164619,0.28442891749744903
Uttar Pradesh,Agra,4418797.0,903823.0,0.6066153299189803,0.22598458358689028,0.02390069737105606,0.38325203054137813,0.23116030461716508,0.0008132123214390428,0.5498543409495,0.5,0.05,0.8,0.0,0.286559527196869,0.28398170583206134
Karnataka,Dakshina Kannada,2089649.0,650292.0,0.7974176524382803,0.11027976468775379,0.01769512772723638,0.04510896643354063,0.0326453347111759,0.0005228420463422585,0.5119530918418187,0.3,0.55,0.35,0.35,0.2618551613498536,0.28393889739097283
Maharashtra,Thane,11060148.0,3618151.0,0.7438563209099914,0.2054710298632532,0.014337157293877453,0.09583790173489166,0.06158062502090156,0.0003247515098181364,0.19733670595837488,0.4,0.4,0.4,0.45,0.2852613672324227,0.28222557752428656
Uttar Pradesh,Bijnor,3682713.0,908523.0,0.5798423607813045,0.21465207850842571,0.034514261058883486,0.2661198450672135,0.17449090446802118,0.00079469644687036,0.7527327321377665,0.5,0.05,0.8,0.0,0.27982100815535516,0.28158837000847364
Maharashtra,Kolhapur,3876001.0,1179314.0,0.7290619894060915,0.13794294686714478,0.01216639503982824,0.05017323630517403,0.04223981060175661,0.00044941381175836123,0.675389251717524,0.4,0.4,0.4,0.45,0.27840368259705384,0.2813893489087523
Maharashtra,Satara,3003741.0,975471.0,0.7409740054152472,0.11747717263239407,0.03148632814302014,0.08669453012954767,0.06580923471840783,0.0004479887151950186,0.7939979763621882,0.4,0.4,0.4,0.45,0.28043973490443497,0.2813331842225118
Maharashtra,Pune,9429408.0,3222457.0,0.7605698045943076,0.1622136829798859,0.016654993379275503,0.08827084426572643,0.050056525191802405,0.0002808416062650332,0.36174819400227837,0.4,0.4,0.4,0.45,0.27960978217738386,0.2808411182801808
Karnataka,Udupi,1177361.0,385389.0,0.7868691081155228,0.10899460743136558,0.02275363334189611,0.07837535580932513,0.04276977287883152,0.0005423091992765751,0.7001159867043428,0.3,0.55,0.35,0.35,0.2666430213005827,0.2805047504104945
Rajasthan,Banswara,1797485.0,429844.0,0.46139077655724525,0.8084017390965711,0.07340802709820307,0.7419366095606779,0.6831990210401914,0.0006653576646411257,0.9083225542289761,0.4,0.05,0.25,0.0,0.28320529149545304,0.2804370538444505
Uttar Pradesh,Varanasi,3676841.0,755064.0,0.6537957447711228,0.14022227232561865,0.03798353517052859,0.31441970481972387,0.31778895563819753,0.0008158248837184663,0.5813215833359822,0.5,0.05,0.8,0.0,0.2694739376166514,0.2803338736139274
Maharashtra,Ratnagiri,1615069.0,639362.0,0.7426258568519364,0.0540670398602165,0.02314807573800132,0.08594817959153031,0.07094572401863107,0.0003644257869563721,0.8423052980940375,0.4,0.4,0.4,0.45,0.2751132962358306,0.28013416261877944
Maharashtra,Sindhudurg,849651.0,340836.0,0.7839301077736623,0.0736325856145641,0.02675773685878252,0.08492354094051098,0.06975788942482601,0.000313933974110716,0.8680039667171309,0.4,0.4,0.4,0.45,0.27108714052472754,0.2779428027957331
Jharkhand,Khunti,531885.0,135719.0,0.5350310687460635,0.777730148434342,0.02572226438450033,0.6870740279548184,0.6821815663245382,0.002099927055165452,0.9080895084697058,0.35,0.05,0.35,0.0,0.2744360021253619,0.2775857818408667
Punjab,Tarn Taran,1119627.0,267174.0,0.5949856514714276,0.3371372787544423,0.0598149520537178,0.23620561881021357,0.15148929162268784,0.00040048807144407766,0.8336028206337444,0.6,0.05,0.5,0.0,0.24435258768985846,0.2764505560165571
Jharkhand,Simdega,599578.0,155283.0,0.5728745884605506,0.7823519208509986,0.022694048930018095,0.6844728656710651,0.6914987474482075,0.0009530985362209643,0.9284274518137852,0.35,0.05,0.35,0.0,0.26905504168056044,0.2742698242447505
Jharkhand,Pakur,900422.0,217175.0,0.3919062395188034,0.452591118386712,0.05840451248992748,0.7393300333832163,0.7589087141705998,0.0009761712904339818,0.9236238056866583,0.35,0.05,0.35,0.0,0.27937955884675186,0.27348569740897255
Maharashtra,Mumbai,3085411.0,1107321.0,0.8131889074097421,0.0794147035840606,0.00887276589173329,0.008434771850258416,0.024470772251226156,0.0009039835783842264,0.0,0.4,0.4,0.4,0.45,0.2590736872799291,0.2730534902149111
Uttar Pradesh,Kanpur Nagar,4581268.0,1049775.0,0.7078874233072591,0.1791004149942767,0.04351503893691505,0.24931437689028602,0.16567835964849612,0.0011192874663618394,0.3475687647353004,0.5,0.05,0.8,0.0,0.25945467519406124,0.2726588572056429
Uttar Pradesh,Saharanpur,3466382.0,889238.0,0.5992149739988264,0.22081524771361033,0.032426639437360974,0.2696083613160931,0.13506282907388123,0.0006882296977861944,0.6804500032612192,0.5,0.05,0.8,0.0,0.27774061330323857,0.27173317965846416
Uttar Pradesh,Lucknow,4589838.0,1061721.0,0.6813443088841044,0.20824264385801852,0.04260158742268449,0.24950434247792028,0.15821199731379523,0.0005679458162737668,0.3241482461023188,0.5,0.05,0.8,0.0,0.2649027667947151,0.26929299921507815
Jharkhand,Gumla,1025213.0,233074.0,0.545954840603855,0.721033580338915,0.024571595287333638,0.7192779975458438,0.7279576443532956,0.0010382968499274908,0.929443009516291,0.35,0.05,0.35,0.0,0.2718574115837124,0.2686926807188494
Rajasthan,Dungarpur,1388552.0,354363.0,0.4908645841135226,0.7458878025453854,0.04741465672206184,0.6893580876107268,0.6239167181675288,0.0005672149744753262,0.9109754686578452,0.4,0.05,0.25,0.0,0.26792854181721604,0.26863606799034173
Madhya Pradesh,Dindori,704524.0,227795.0,0.537545917527295,0.703412516819867,0.020729164380254177,0.6924120371386554,0.6881494326038763,0.0006628767093219781,0.9570930002853443,0.35,0.05,0.4,0.0,0.2772640983337373,0.2686196233258401
Jharkhand,Latehar,726978.0,160514.0,0.4823832358063105,0.6685291714467287,0.020247455050649787,0.7344779894588634,0.7244165617952328,0.0009095779807368827,0.9119266855227581,0.35,0.05,0.35,0.0,0.2778656687583582,0.26850047080331774
Maharashtra,Mumbai Suburban,9356962.0,3078829.0,0.8096094651234023,0.07351339035041501,0.009149582519847644,0.01588201228454065,0.03540599364238806,0.00029004533866609675,0.0,0.4,0.4,0.4,0.45,0.2598122976497486,0.26767513409499216
Uttar Pradesh,Muzaffarnagar,4143512.0,969850.0,0.5834034027173084,0.1355292322068815,0.029461256895396196,0.23116564417177915,0.13162757127390834,0.0007929061195030159,0.6946909315873588,0.5,0.05,0.8,0.0,0.2703987060662401,0.2666744322901666
Uttar Pradesh,Baghpat,1303048.0,316046.0,0.6123872643218055,0.11440407414001633,0.02101592806110503,0.22458439594236282,0.11233807736848433,0.0008353214405497933,0.7785417312669675,0.5,0.05,0.8,0.0,0.2637104076785566,0.26569639144387414
Jharkhand,Pashchimi Singhbhum,1502338.0,400324.0,0.4842858264917748,0.7110796638306426,0.030515282621076927,0.6535156523216195,0.6619688052677332,0.0008992715900120902,0.841638272998871,0.35,0.05,0.35,0.0,0.27411777570934726,0.26348072931466004
Andaman And Nicobar Islands,North  AND Middle Andaman,105597.0,40185.0,0.7451253350000473,0.007178234230139114,0.01848948612666418,0.33283563518725895,0.3047405748413587,0.01582680104516611,0.97277591140973,1.0,0.05,0.15,0.9,0.3068301805743298,0.2632504674694625
Orissa,Malkangiri,613192.0,183723.0,0.39906913332202637,0.8038412112356326,0.05599190085073725,0.6686315812391481,0.6688928441185916,0.0009579638912928703,0.9137886927602967,0.25,0.05,0.15,0.0,0.2542907247106836,0.263135003235849
Rajasthan,Pratapgarh,867848.0,234082.0,0.4626559028770015,0.7038744111872125,0.018194478857836142,0.6646474312420434,0.5794636067702771,0.001277330166351962,0.8963226561632248,0.4,0.05,0.25,0.0,0.26409496756195955,0.26288218015074505
Jharkhand,Garhwa,1322784.0,292052.0,0.49401565183733703,0.3975100999104918,0.0410577568378234,0.8069556106446797,0.7443674414145426,0.0010991193349129606,0.9343267637270075,0.35,0.05,0.35,0.0,0.2664102123744496,0.26267836571293923
Madhya Pradesh,Singrauli,1178273.0,287325.0,0.49653518327246743,0.4537641106942109,0.016570086139389192,0.7247785608631341,0.7065274514922126,0.0010997998781867224,0.7960741320803968,0.35,0.05,0.4,0.0,0.2685174424520808,0.2621725108924062
Chhattisgarh,Bastar,1413199.0,371319.0,0.4605600485140451,0.6862041368554606,0.027291897263538898,0.654116810612977,0.6960511043065397,0.0009506650615777808,0.8521648501692615,0.3,0.05,0.35,0.0,0.2712841262888904,0.26195786900256623
Jharkhand,Dumka,1321442.0,326978.0,0.5088448830898367,0.49240980686250324,0.04941311036216504,0.7459982017138768,0.747145067863893,0.0011499244597495855,0.9287994910972603,0.35,0.05,0.35,0.0,0.2660832407339679,0.2616988389599314
Jharkhand,Sahibganj,1150567.0,260993.0,0.42002160673824296,0.3308664336800899,0.06313962443437181,0.7234063748836176,0.7252953144337204,0.0010574996264267624,0.8561532301632611,0.35,0.05,0.35,0.0,0.26636608852714616,0.26165152415284354
Punjab,Firozpur,2029074.0,502390.0,0.6049611793359927,0.4217322778765092,0.07256911960827246,0.1904814984374689,0.14014411114870917,0.0004677640876609805,0.6937279802543841,0.6,0.05,0.5,0.0,0.2457532992463392,0.26159751733567477
Jharkhand,Chatra,1042886.0,215502.0,0.48908605542695943,0.37023797423687727,0.03750777254967471,0.7451624578890219,0.6945179163070412,0.0010672754777217846,0.9325853124332952,0.35,0.05,0.35,0.0,0.25935180761257864,0.2611215450696548
Chhattisgarh,Jashpur,851669.0,226392.0,0.5816989933882765,0.6801022462952157,0.014399802113148874,0.7178301353404714,0.7811406763489877,0.0008657549736739814,0.9084684971200396,0.3,0.05,0.35,0.0,0.2590866703490585,0.26103212640634393
Madhya Pradesh,Sidhi,1127033.0,276869.0,0.5330677983697016,0.3935164276467504,0.01640125835684024,0.7906591203782294,0.7618693317056081,0.0017806254943673722,0.90639616569569,0.35,0.05,0.4,0.0,0.265478832393272,0.26081116301388746
Jharkhand,Godda,1313551.0,292030.0,0.4602173802159185,0.30054029116494146,0.07698866554806014,0.7624935794267712,0.7368455295688799,0.0010238674108824437,0.9466630140738965,0.35,0.05,0.35,0.0,0.26365463642245396,0.26080822513117385
Madhya Pradesh,Mandla,1054905.0,316932.0,0.5734753366416881,0.6246562486669416,0.033537162545908904,0.6775049537440208,0.6548376307851527,0.0007257077227922709,0.8824416594095894,0.35,0.05,0.4,0.0,0.2669129020757728,0.2595155359122628
Madhya Pradesh,Umaria,644758.0,168066.0,0.5531873974421411,0.5565405935250125,0.033088191543798266,0.7389715944926398,0.7198303047612248,0.000761605559720586,0.8217009984172885,0.35,0.05,0.4,0.0,0.2705479805268099,0.2593005356917185
Uttar Pradesh,Meerut,3443689.0,803823.0,0.6218587102377712,0.18222870880616687,0.021442531502582036,0.1717728903004766,0.0882793848894595,0.0007004029494055283,0.4746318530323218,0.5,0.05,0.8,0.0,0.2622861771236773,0.2590221036592287
Madhya Pradesh,Sheopur,687861.0,176522.0,0.47687686901859533,0.3922871045167556,0.04126397842761809,0.7095319563567147,0.6018399972807922,0.0008837425363410793,0.8505795311632545,0.35,0.05,0.4,0.0,0.2678572889891636,0.2585351426122993
Andaman And Nicobar Islands,South Andaman,238142.0,85532.0,0.7989602842001831,0.01717882607855817,0.014357199644577469,0.12209465463218444,0.09921432913997101,0.00709675910770238,0.4080461113969041,1.0,0.05,0.15,0.9,0.2803096305179565,0.25821578716876953
Madhya Pradesh,Shahdol,1066063.0,291440.0,0.5667526215617651,0.5306825206390241,0.024423552017567938,0.6988471040351358,0.6963766126818556,0.0007068350260774087,0.8015166071918748,0.35,0.05,0.4,0.0,0.26257653664129943,0.25755620903161636
Uttar Pradesh,Ghaziabad,4681645.0,1191723.0,0.6671296093573946,0.16605936588528178,0.015988614803943535,0.10262368016728719,0.06649363988107974,0.00046319488673122864,0.29822953824001047,0.5,0.05,0.8,0.0,0.24835288213627338,0.2571888386465764
Jharkhand,Lohardaga,461790.0,111484.0,0.5623919963619827,0.6021438316117715,0.02469412651142765,0.6923863514046859,0.6724462703168168,0.0009687488787628718,0.8679182662983029,0.35,0.05,0.35,0.0,0.2591994226866936,0.2571725367654455
Jharkhand,Palamu,1939869.0,407904.0,0.5281609222066026,0.3699167314906316,0.05409115870400879,0.7538293323919354,0.6702116184200204,0.0010075900211814544,0.8715996901231662,0.35,0.05,0.35,0.0,0.256323511402791,0.25662087251335575
Jharkhand,Jamtara,791042.0,185668.0,0.5389246083014555,0.3961534280101436,0.03823491393239546,0.7245244199323524,0.7127991899519572,0.0008078936596505591,0.8916722321563221,0.35,0.05,0.35,0.0,0.25256340713984193,0.2565238488871465
Uttar Pradesh,Gautam Buddha Nagar,1648115.0,509770.0,0.6813523328165814,0.13246648443828252,0.01020067873746984,0.12440708554838456,0.07719755968377896,0.00043549051533044316,0.33512172156070386,0.5,0.05,0.8,0.0,0.2456030171648573,0.2560140225186498
Chhattisgarh,Surguja,2359886.0,590763.0,0.5033891467638691,0.6001476342501291,0.018372850026152618,0.6566406494651832,0.7811203477536677,0.0008971448787415597,0.8896901126170732,0.3,0.05,0.35,0.0,0.2591142027322967,0.2559232197306042
Madhya Pradesh,Panna,1016520.0,288923.0,0.5435790737024357,0.37271180104670837,0.023559910425961242,0.722320479851033,0.6466324937786192,0.0008237488881120575,0.8886243047455551,0.35,0.05,0.4,0.0,0.257084709795701,0.25499429752358366
Chhattisgarh,Kabeerdham,822526.0,211179.0,0.5035305874829489,0.34873183340101105,0.051179331278204745,0.7255361565307157,0.7513862647327623,0.0007860630081589552,0.8869773983208558,0.3,0.05,0.35,0.0,0.2512702226002237,0.2549521627476776
Madhya Pradesh,Anuppur,749237.0,207713.0,0.5827194866243925,0.577825174143829,0.01591619205345838,0.6629002517897291,0.6437343835003105,0.0007991796372879887,0.7095752312084462,0.35,0.05,0.4,0.0,0.2596084931318193,0.2529480583065852
Madhya Pradesh,Rajgarh,1545814.0,401717.0,0.520272814193687,0.22607441775013035,0.05091146254701693,0.7109831050216944,0.48557815576637287,0.0008488562843992164,0.8261885854967552,0.35,0.05,0.4,0.0,0.251776002162367,0.252274051741402
Madhya Pradesh,Tikamgarh,1445166.0,382992.0,0.5175460812114318,0.29717070564903963,0.022141454651794294,0.6987065003968751,0.5313061369428083,0.0008564147553995905,0.8427643397251118,0.35,0.05,0.4,0.0,0.25324942561813657,0.2522466441283414
Madhya Pradesh,Shivpuri,1726050.0,434618.0,0.5219118797253846,0.3182509197300194,0.032826528123547576,0.6943016626094639,0.5631266997685324,0.0009364545416894836,0.8463961455807169,0.35,0.05,0.4,0.0,0.2546535811663845,0.25135975112367165
Madhya Pradesh,Dhar,2185793.0,515712.0,0.49288198836760844,0.6259741887726789,0.03557217982129561,0.5609254777860512,0.4283844471332837,0.000878397244973939,0.7995703028046661,0.35,0.05,0.4,0.0,0.26758327031122564,0.25069383305146864
Madhya Pradesh,Ashoknagar,845071.0,206741.0,0.5551119373401762,0.30510572484442133,0.020557122196371305,0.6946420884101363,0.40024475067838505,0.0008513067074261999,0.8203791217030004,0.35,0.05,0.4,0.0,0.24820491704341163,0.2500985614248537
Jharkhand,Giridih,2445474.0,499450.0,0.5125693423851573,0.23049969044855925,0.02457102813094404,0.6933126439082992,0.6527920712784062,0.001227350085093603,0.906124737210932,0.35,0.05,0.35,0.0,0.2409292444975572,0.24999123531523837
Madhya Pradesh,Khargone (West Nimar),1873046.0,460163.0,0.526540191751831,0.5014612561570831,0.046387910370890316,0.6075303751062123,0.3457774745035998,0.0009322783448473693,0.8334937837244628,0.35,0.05,0.4,0.0,0.25980628338532236,0.24933277634543363
Madhya Pradesh,Guna,1241519.0,285085.0,0.5267579473209834,0.30924536797262064,0.025490643141519196,0.672978234561622,0.4315274391848045,0.000890962344563902,0.7463212726029079,0.35,0.05,0.4,0.0,0.2508090784013599,0.24924247137815925
Madhya Pradesh,Chhatarpur,1762375.0,470917.0,0.5350921341939144,0.2717412582452656,0.01902246043357959,0.6627197574094797,0.5318580556658604,0.0008770122972838101,0.7981640076701414,0.35,0.05,0.4,0.0,0.245646094751319,0.2484341736988209
Orissa,Nabarangapur,1220946.0,372264.0,0.38525782467037856,0.7031899854702829,0.032329207229278144,0.6548873917434939,0.6529022414200675,0.001106741452302667,0.9209593191928309,0.25,0.05,0.15,0.0,0.24600471664432288,0.24668417510891086
Jharkhand,Deoghar,1492073.0,321710.0,0.5318359088328788,0.24864601128765149,0.04019147679587206,0.6695999502657674,0.6485064188244071,0.0010226601597712226,0.8000155419477168,0.35,0.05,0.35,0.0,0.2388110160658099,0.24651096684021728
Madhya Pradesh,Khandwa (East Nimar),1310061.0,329088.0,0.5584587282576918,0.46999567195726,0.05940964119019836,0.5774959889148191,0.3178724231816414,0.0007839848308051342,0.8072703957604045,0.35,0.05,0.4,0.0,0.2518322052278576,0.24540123362423613
Punjab,Mansa,769751.0,196389.0,0.5502558619605561,0.33631395087502325,0.05217196482491382,0.2094261898578841,0.09729669176990564,0.0005397450977396902,0.7414009949640764,0.6,0.05,0.5,0.0,0.24724691703493828,0.24522687897448198
Orissa,Rayagada,967911.0,286548.0,0.4212525738420165,0.7040099761238379,0.04324231891341067,0.659976688024345,0.6530249731284113,0.0010120468472995798,0.8282835685469799,0.25,0.05,0.15,0.0,0.24263459970627757,0.2446480436868513
Punjab,Muktsar,901896.0,224157.0,0.5819384940170486,0.42305764744493823,0.07896697404051624,0.16881471468658127,0.09191771838488202,0.0005041109579446549,0.6669744866321373,0.6,0.05,0.5,0.0,0.24757907398533185,0.24378426879146697
Chhattisgarh,Uttar Bastar Kanker,748941.0,194069.0,0.608915789094201,0.5959254467307838,0.024501594793604337,0.6521340348020549,0.706094224219221,0.0009068939397843035,0.8718084804888983,0.3,0.05,0.35,0.0,0.24472975813115552,0.2432270355708437
Madhya Pradesh,Damoh,1264219.0,369901.0,0.591444203891889,0.32639281643449436,0.037823633891230356,0.692925945050162,0.5703120564691634,0.0007758832768767859,0.8201843195882141,0.35,0.05,0.4,0.0,0.24613138180983785,0.2429185607781075
Madhya Pradesh,Betul,1575362.0,406649.0,0.596541620275213,0.5245232524334089,0.03549990286463264,0.6022122272524953,0.34969224072849064,0.0008459383891267408,0.7843250567442684,0.35,0.05,0.4,0.0,0.25044839335390895,0.24265867743314917
Punjab,Gurdaspur,2298323.0,606348.0,0.7112659969899792,0.252608532395142,0.05615092323220329,0.27579211937699144,0.11735999788900103,0.00044363962608930845,0.6940898625871612,0.6,0.05,0.5,0.0,0.22618498585261346,0.24086822369107153
Madhya Pradesh,Katni,1292042.0,349031.0,0.6120335097465872,0.3664091414984962,0.03303718007856036,0.6630070108385788,0.614335116365022,0.0007621099558491939,0.7911933323974089,0.35,0.05,0.4,0.0,0.24292851283992156,0.24086059479050068
Madhya Pradesh,Rewa,2365106.0,618399.0,0.6095950879157214,0.29406419839110803,0.01903948745065888,0.6592620621960902,0.6904102367565278,0.0008263273388216993,0.847203827949269,0.35,0.05,0.4,0.0,0.23678191308635532,0.24077061824504511
Madhya Pradesh,Morena,1965970.0,414586.0,0.6000523914403577,0.22307003667400824,0.03967331265406936,0.6865644281283015,0.4316908916364759,0.001140897184178916,0.7701610763508657,0.35,0.05,0.4,0.0,0.23761356186139276,0.24028581733016882
Chhattisgarh,Janjgir - Champa,1619707.0,440773.0,0.629517560892186,0.36124064414119345,0.0462914016965649,0.7227234880539416,0.7672770337566048,0.00078271581970765,0.861175707223446,0.3,0.05,0.35,0.0,0.2344130461544613,0.2396195727673053
Madhya Pradesh,Seoni,1379131.0,382587.0,0.6266221265420037,0.4717847688145651,0.039151879180421706,0.6368904327643125,0.5257496987613275,0.0007998180805934336,0.8757354536353823,0.35,0.05,0.4,0.0,0.2462742806072788,0.2391720488130341
Chhattisgarh,Mahasamund,1032754.0,310567.0,0.6177298756528661,0.40617320291182607,0.03783724606928618,0.6694175491922838,0.7407580328882335,0.0007470207716853368,0.8848106849729688,0.3,0.05,0.35,0.0,0.23347651345904138,0.23914334482606386
Chhattisgarh,Raigarh,1493984.0,420916.0,0.636980717330306,0.488995196735708,0.03911706848872459,0.6888500318353306,0.739009683642342,0.000772125554742514,0.841683376255595,0.3,0.05,0.35,0.0,0.23833393644417908,0.23911796087665607
Madhya Pradesh,Chhindwara,2090922.0,553944.0,0.6189604394616346,0.47922495435028184,0.03759044235518392,0.5800387764828213,0.349087633406987,0.0008213826668399694,0.745819071963953,0.35,0.05,0.4,0.0,0.24255509811675557,0.238291560360373
Chhattisgarh,Koriya,658917.0,181615.0,0.6037528247108513,0.5449184039871486,0.0162761886408061,0.6337362002037277,0.6260771412052969,0.0008038983564132918,0.6709357707237839,0.3,0.05,0.35,0.0,0.23958073906823354,0.2369368598593448
Jharkhand,Saraikela-Kharsawan,1065056.0,285687.0,0.575550018027221,0.4045205134753478,0.027197597370548887,0.6006608631124273,0.6009023861778799,0.0006300601707463063,0.7604406220794085,0.35,0.05,0.35,0.0,0.2360306727309044,0.2336009105727023
Madhya Pradesh,Shajapur,1512681.0,386608.0,0.5914082347831433,0.25897727280239524,0.031196974713404792,0.5838549642014651,0.3452541075197616,0.0009078963704837976,0.8085994081860696,0.35,0.05,0.4,0.0,0.23118181172578328,0.2330214929837903
Chhattisgarh,Korba,1206640.0,332653.0,0.6205322217065571,0.5123632566465557,0.022053010193805556,0.5956867967521712,0.6299837969295332,0.000739509338560001,0.6210615866984516,0.3,0.05,0.35,0.0,0.232209169398748,0.23267958791054202
Haryana,Mewat,1089263.0,223635.0,0.4176190690402593,0.06908432582397456,0.05933328861761352,0.5334719520647484,0.28854159679835445,0.000527645493773336,0.8379636461197935,0.6,0.05,0.45,0.0,0.2686727054049256,0.23250157739873137
Madhya Pradesh,Balaghat,1701698.0,470867.0,0.6743987476038639,0.2987909723111857,0.04289958735693943,0.6791132103120414,0.45773434961464704,0.0007369384560820784,0.8496539362495142,0.35,0.05,0.4,0.0,0.23228045484047727,0.23230213920741932
Jharkhand,Kodarma,716259.0,151485.0,0.5448434155801184,0.16182135233204747,0.03338944449945539,0.6225368848400832,0.5686767666765686,0.0008713734033072582,0.7704657226788131,0.35,0.05,0.35,0.0,0.2263362675243789,0.23211109089815982
Madhya Pradesh,Vidisha,1458875.0,376409.0,0.591495501670808,0.2465920658041299,0.02215674970577218,0.5900682502278107,0.2844087149882176,0.0008820192928436887,0.7772901285569687,0.35,0.05,0.4,0.0,0.23007785801250913,0.23205803755222013
Punjab,Barnala,595527.0,156799.0,0.6042228144147956,0.3224051974133834,0.0449173782996065,0.10230932595233388,0.06334224070306571,0.0005038297438121417,0.6541942231774437,0.6,0.05,0.5,0.0,0.22872668276978794,0.23202564380578114
Punjab,Faridkot,617508.0,158863.0,0.6174575875940069,0.38919009956146317,0.05846547024794949,0.10878555736703953,0.07024920843745869,0.0004783996273518692,0.6291332783593411,0.6,0.05,0.5,0.0,0.2332484418554031,0.2319020065400292
Madhya Pradesh,Raisen,1331597.0,325713.0,0.6159671432122481,0.3235941504824658,0.05457872421426225,0.583661075855124,0.369530844639299,0.000954828330462708,0.7714521680129439,0.35,0.05,0.4,0.0,0.23431807374246394,0.23156473691877186
Madhya Pradesh,Datia,786754.0,203854.0,0.6246488737267304,0.2736954626223699,0.021814632040578062,0.6046288029668292,0.340606512504047,0.0009909052557222325,0.7870976286950464,0.35,0.05,0.4,0.0,0.22871864102932926,0.23119474360201067
Jharkhand,Hazaribagh,1734495.0,381748.0,0.5841752210297522,0.2451912516323195,0.025647809549755336,0.6285324350094827,0.5795210452968974,0.0015586198225007073,0.8198680805138469,0.35,0.05,0.35,0.0,0.22654318349451524,0.2306577368112475
Madhya Pradesh,Ratlam,1455069.0,373867.0,0.5675882037209232,0.41817741976497336,0.022984109322299107,0.5119119900927335,0.37898771488256516,0.0008505698550554074,0.7133980800659058,0.35,0.05,0.4,0.0,0.23792563074438022,0.23053927658876727
Madhya Pradesh,Satna,2228935.0,576004.0,0.6154423525136444,0.32237099780837036,0.018532857410712426,0.5793553516989466,0.621148464246776,0.0008454802397205575,0.801784362608593,0.35,0.05,0.4,0.0,0.2306673334987735,0.23046237026354024
Madhya Pradesh,Burhanpur,757847.0,178840.0,0.5392632022030832,0.38840161668516204,0.045168866025497655,0.4713598747483784,0.18872176246924624,0.0008946544397226571,0.6485070454037128,0.35,0.05,0.4,0.0,0.23808955267316234,0.23021373239194914
Chhattisgarh,Bilaspur,2663629.0,737806.0,0.5993927833042815,0.3947475417935456,0.03944939455629257,0.58863441067164,0.6505097545967368,0.0006465114135694207,0.7449546357714629,0.3,0.05,0.35,0.0,0.22804861531591622,0.22997790756828612
Orissa,Koraput,1379647.0,460128.0,0.41176474851900524,0.6480809946312354,0.03962593017595104,0.5980748835106753,0.5729079734334794,0.0009497357257111065,0.8297452013352806,0.25,0.05,0.15,0.0,0.23423940648082456,0.2298639643021539
Rajasthan,Jhalawar,1411129.0,362387.0,0.5242554011716859,0.30175200141163566,0.030729579151570006,0.635031057957377,0.47358762869528986,0.0006457185274306198,0.824047220236929,0.4,0.05,0.25,0.0,0.22705582427751464,0.22966239949409242
Orissa,Kalahandi,1576869.0,494748.0,0.5086256372596583,0.4667705433996102,0.07576786566090211,0.7160514039470599,0.7296138640277474,0.0010065730432462588,0.9223604744233428,0.25,0.05,0.15,0.0,0.22279922859455553,0.2296082516439553
Goa,North Goa,818008.0,325089.0,0.8105788696443067,0.09072282911658566,0.007671745275909058,0.10313483384550078,0.0587808261737555,0.0003752818458945089,0.35639163429091725,0.4,0.4,0.3,0.4,0.24519356720891292,0.2295724769187126
Madhya Pradesh,Bhind,1703005.0,359596.0,0.6429323460588783,0.22368108138261486,0.03386856361027375,0.6324291705135764,0.3235547670163183,0.001053960555734769,0.7542102804258112,0.35,0.05,0.4,0.0,0.2264655446840365,0.22909888445451698
Orissa,Kandhamal,733110.0,242935.0,0.5453288046814257,0.6934348187857211,0.046810875337024306,0.6212073188301398,0.6394303002860847,0.0010331981805832835,0.8991952579908206,0.25,0.05,0.15,0.0,0.22200383998827786,0.22875743562060952
Rajasthan,Karauli,1458248.0,364355.0,0.5526145072717398,0.4659186914708609,0.03788612754044819,0.6042156687845645,0.5305073348794445,0.0006202741831455586,0.8372246847168283,0.4,0.05,0.25,0.0,0.23217758336921174,0.22852697659660157
Rajasthan,Barmer,2603751.0,598805.0,0.4563884949060029,0.23530322215910815,0.03807917435559156,0.6330424762652282,0.3558453920725445,0.0007114169053364618,0.906513806664941,0.4,0.05,0.25,0.0,0.2322194898804134,0.2284980815164455
Punjab,Bathinda,1388525.0,355722.0,0.6084643776669487,0.3244255594965881,0.049752334688324025,0.07362772052333001,0.06911577018008445,0.00044978944231731523,0.6132850934156449,0.6,0.05,0.5,0.0,0.22614060003738692,0.22822729036287673
Rajasthan,Dausa,1634409.0,420694.0,0.5739389589753849,0.48193628400235194,0.0336990781898482,0.5685224890300313,0.48847618459022474,0.000679829044388558,0.8583055617622309,0.4,0.05,0.25,0.0,0.22679476921876718,0.2280391906006202
Goa,South Goa,640537.0,251493.0,0.7843840402662141,0.1569183357089442,0.009622534225604688,0.07743754299324435,0.05802547188192117,0.0003459340816643008,0.3523756128401188,0.4,0.4,0.3,0.4,0.2510588997246236,0.22786268230398912
Punjab,Moga,995746.0,288439.0,0.6305714509523513,0.36496958059585477,0.04807948994414764,0.07652917947989003,0.06838534317481339,0.0004437680064069006,0.7429473822888029,0.6,0.05,0.5,0.0,0.22600303540024863,0.22772733037302378
Madhya Pradesh,Sagar,2378458.0,613915.0,0.6498828232409402,0.3042164292999918,0.03435654773054902,0.6072094671086388,0.41956296881490107,0.0008551672462800225,0.7304073039427282,0.35,0.05,0.4,0.0,0.22872409296487334,0.2277137236293438
Rajasthan,Jalor,1828730.0,467418.0,0.45363831730217147,0.29305310242627397,0.05639491846698244,0.5925488534887403,0.3942980373027996,0.0006140114415790577,0.8968760295923563,0.4,0.05,0.25,0.0,0.234486296826302,0.2274640424207708
Madhya Pradesh,Sehore,1311332.0,329647.0,0.5950910982115895,0.3178394182403846,0.044820671809541725,0.5154089071036594,0.3259061966285147,0.0008888295661722994,0.8203532870009435,0.35,0.05,0.4,0.0,0.22972252057056614,0.22705623155851376
Rajasthan,Bundi,1110906.0,303288.0,0.5266368171564471,0.3954763049258893,0.022424230434438554,0.5826343277676663,0.46963612144232547,0.0005869008994750864,0.790786315317454,0.4,0.05,0.25,0.0,0.22759356631528121,0.22665514168244358
Madhya Pradesh,Dewas,1563715.0,376009.0,0.5917759949862986,0.36113230352078224,0.04246440909659077,0.5044347342749774,0.2967615136871724,0.000888276610400283,0.7313521750809157,0.35,0.05,0.4,0.0,0.23189255273914566,0.22664795531296947
Rajasthan,Udaipur,3068420.0,848218.0,0.5157797824287418,0.5585330561005338,0.0237627591020233,0.5450898236066671,0.4654982563444775,0.0005317029348587273,0.7845259119707434,0.4,0.05,0.25,0.0,0.236803333050791,0.22636646426625134
Orissa,Gajapati,577817.0,175145.0,0.4543601174766405,0.6107279640439793,0.04252476519455309,0.5933312398298553,0.6109223786005881,0.0011019441034571355,0.8683947586285649,0.25,0.05,0.15,0.0,0.22581194339280228,0.22589049084592305
Orissa,Nuapada,610382.0,209127.0,0.49048464731921976,0.4726318928146636,0.0375561261816982,0.6476112601433579,0.6904082208418808,0.0002486527325500772,0.9432450137954449,0.25,0.05,0.15,0.0,0.21599407420559733,0.22569551216564535
Rajasthan,Sawai Madhopur,1335551.0,353321.0,0.5553872521528568,0.4227745701961213,0.029338759937846886,0.5689840117060689,0.4885302600185101,0.0005773786443489065,0.7983023935741154,0.4,0.05,0.25,0.0,0.22494802695404853,0.22567892065095838
Rajasthan,Baran,1222755.0,318988.0,0.5670040196114512,0.4073105405416457,0.021499241350771817,0.6108975886240234,0.46195781659498164,0.000633252661542127,0.7811704515530364,0.4,0.05,0.25,0.0,0.22540637809140085,0.22526352629182972
Punjab,Sangrur,1655169.0,448944.0,0.6054227695177955,0.27888934604260956,0.03952386043693645,0.10148259025624577,0.06930708507074379,0.000423215367618233,0.6507626786414341,0.6,0.05,0.5,0.0,0.2250621045726744,0.22479285409981606
Haryana,Palwal,1042708.0,249159.0,0.5752291149583584,0.1948033389980704,0.037947655914496364,0.3666694761176598,0.2215131703049057,0.0004174041475523662,0.7467881954896272,0.6,0.05,0.45,0.0,0.23893701152584523,0.2247629454925916
Orissa,Mayurbhanj,2519738.0,753589.0,0.5434680113567363,0.6604885111071072,0.06674460481774548,0.625512049671638,0.6984576473382706,0.001060259637547788,0.9144374453448764,0.25,0.05,0.15,0.0,0.22221445939614934,0.22464351617704925
Madhya Pradesh,Narsimhapur,1091854.0,283718.0,0.6583160385912402,0.3022693510304491,0.07986803798137587,0.559002248711749,0.4674500736646952,0.0008952551477170994,0.8129868390444033,0.35,0.05,0.4,0.0,0.22721427150959003,0.2242943960106672
Chhattisgarh,Rajnandgaon,1537133.0,390132.0,0.6560128498965282,0.3654966746533969,0.02595275445233921,0.59359396306891,0.6571878236084198,0.0008561204925512391,0.8038407513354454,0.3,0.05,0.35,0.0,0.21767628351323262,0.22383115816303326
Rajasthan,Tonk,1421326.0,380666.0,0.5274363516884937,0.32794024734649196,0.014335401638181504,0.568902922772194,0.4598834673966154,0.0005963232860302733,0.7852316729101102,0.4,0.05,0.25,0.0,0.2209637602366824,0.22370038883088597
Rajasthan,Dhaulpur,1206516.0,273296.0,0.5661740084673555,0.2522046951718833,0.04399625314677127,0.615577981382823,0.4562123119255313,0.0007903518529360108,0.7854853345822844,0.4,0.05,0.25,0.0,0.2175053556387458,0.22266327942841493
Rajasthan,Sirohi,1036346.0,308174.0,0.46008379440843117,0.47699609975818885,0.03883195856886045,0.47743807070031863,0.3607702142296235,0.0005094524521861027,0.7740270107147261,0.4,0.05,0.25,0.0,0.2340846151632882,0.22253377140656036
Madhya Pradesh,Mandsaur,1340411.0,384119.0,0.6226381311403741,0.2104697738231035,0.01626579263197082,0.5480515152856277,0.38333172792806397,0.0008486953261879782,0.7869618529674398,0.35,0.05,0.4,0.0,0.21912140667621055,0.2223531907110242
Punjab,Patiala,1895686.0,517369.0,0.668249383072935,0.2454831654609466,0.04112538632967959,0.09383244840722965,0.066983139693333,0.000465818400406673,0.5784633404784593,0.6,0.05,0.5,0.0,0.21378409482211697,0.22204212424998843
Punjab,Rupnagar,684627.0,208699.0,0.7343137211941685,0.2642387752747116,0.0366652451616922,0.2047925481195406,0.08885524128050445,0.00043124308214222395,0.7099315281817354,0.6,0.05,0.5,0.0,0.21571407527318587,0.2220128708702298
Punjab,Amritsar,2490656.0,660953.0,0.6764362481209769,0.30950239615587216,0.04693979753477176,0.14650966105002927,0.07465735082524778,0.0003963973232589912,0.41678757793670657,0.6,0.05,0.5,0.0,0.2222597263361416,0.22181898032772832
Madhya Pradesh,Harda,570465.0,144559.0,0.6180046102740746,0.44269674739028686,0.053666668972530245,0.4003901521178204,0.2743170608540458,0.0008854516149115586,0.7797093228370423,0.35,0.05,0.4,0.0,0.22550128994398239,0.2217470045363118
Punjab,Hoshiarpur,1586625.0,551265.0,0.7561326715512487,0.3513772945718112,0.03674276436922351,0.21185273870098772,0.0797511178834136,0.0003029396025504975,0.7667328780169247,0.6,0.05,0.5,0.0,0.21928410042366986,0.22112267788555984
Punjab,Shahid Bhagat Singh Nagar,612310.0,231551.0,0.716073557511718,0.4250853325929676,0.031258772365483196,0.15914852451511763,0.05512392518278911,0.00028935310147656457,0.7910481924068564,0.6,0.05,0.5,0.0,0.22442951773954714,0.2210069457546494
Orissa,Balangir,1648997.0,538962.0,0.5623175785037814,0.38929179373886064,0.056046622953009675,0.6702717445756844,0.7138852089757719,0.0008757574745529369,0.8846078202173808,0.25,0.05,0.15,0.0,0.2044170896864774,0.22055074626731985
Madhya Pradesh,Neemuch,826067.0,242197.0,0.6159718279510016,0.22105107697075418,0.017522925552339624,0.5107412560849226,0.3902154031635404,0.0007514543945631036,0.7193937166851778,0.35,0.05,0.4,0.0,0.2174842504411273,0.21951364453155278
Punjab,Fatehgarh Sahib,600163.0,174896.0,0.7098621541147988,0.3207345337849884,0.038108361540572684,0.08518205104747964,0.06452977769645961,0.00038308480468392643,0.6721651724453389,0.6,0.05,0.5,0.0,0.21219018558222974,0.21940273398543014
Rajasthan,Chittaurgarh,1544338.0,455653.0,0.5321535829591708,0.2925331112748634,0.023517896293890308,0.5548257116709426,0.4118506846218504,0.0007000941505926659,0.8049546475058872,0.4,0.05,0.25,0.0,0.21750343238356518,0.21893573213852321
Rajasthan,Bhilwara,2408523.0,675880.0,0.5215337366510513,0.264568783441138,0.022906433094632184,0.5515091436349648,0.3872758477836302,0.0005459549032372611,0.784185062437119,0.4,0.05,0.25,0.0,0.21668559229601714,0.2186129245878046
Haryana,Fatehabad,942011.0,258380.0,0.5919017930788494,0.30186165554330047,0.0377622106974224,0.14475191578295535,0.09240266274479449,0.000344453905101014,0.785741930489976,0.6,0.05,0.45,0.0,0.22391844170535646,0.21840073416315017
Haryana,Mahendragarh,922088.0,267942.0,0.6835085154562255,0.1695217810013795,0.01915339886990468,0.34682132700360524,0.20599980592814862,0.00029857207903202933,0.8349792119189974,0.6,0.05,0.45,0.0,0.21912694957495327,0.21745645470068165
Punjab,Kapurthala,815168.0,261203.0,0.7072983728507498,0.33944781934521473,0.03412288526548317,0.10096361833516461,0.06226957577056925,0.00031010363586941956,0.633350306083774,0.6,0.05,0.5,0.0,0.2148561647904303,0.21697327628317667
Haryana,Kaithal,1074304.0,306787.0,0.6018119638389133,0.230393817764804,0.030157731585758196,0.22088941187208064,0.1521087920935372,0.00032595905302375917,0.7532620352231353,0.6,0.05,0.45,0.0,0.22392321272815563,0.21611442582808568
Haryana,Bhiwani,1634445.0,456282.0,0.6545775477302693,0.2087326278950959,0.03483152962422362,0.28615198495667155,0.14661547025742852,0.00032874406616960567,0.7825138839577279,0.6,0.05,0.45,0.0,0.22163218997607964,0.21592539758334914
Orissa,Baudh,441162.0,137954.0,0.6156740607758601,0.3633540513462175,0.03685286399814431,0.6860475230874059,0.7227916551894109,0.0010655725821650695,0.9523246879394581,0.25,0.05,0.15,0.0,0.19516836124812426,0.2148958974306953
Haryana,Sirsa,1295189.0,338792.0,0.6044654486719698,0.2990922560336754,0.03845132116460837,0.05896833455335427,0.07057427566176297,0.00033353798200665895,0.7245625634607665,0.6,0.05,0.45,0.0,0.21437617453995927,0.2148946402075369
Madhya Pradesh,Hoshangabad,1241350.0,315396.0,0.653034196640754,0.32408829097353686,0.06455376732742331,0.40607680503240373,0.27327233065733236,0.0008750903625917894,0.6647199076716255,0.35,0.05,0.4,0.0,0.21425716320607135,0.21431844997462898
Rajasthan,Rajsamand,1156597.0,365676.0,0.5353109164211908,0.2671431795171525,0.025052232030540696,0.5323920629190868,0.3829537623469957,0.0004813003861341734,0.8330379899145692,0.4,0.05,0.25,0.0,0.21346766522207755,0.21427115170235372
Madhya Pradesh,Ujjain,1986864.0,489449.0,0.6245973554304673,0.28819234733731147,0.024098527119270855,0.42745413720326325,0.2519261455228226,0.0008519784492357732,0.6144971181880032,0.35,0.05,0.4,0.0,0.21395458879650692,0.21417113052202008
Orissa,Kendujhar,1801733.0,574298.0,0.5841697965236803,0.5706922168823017,0.060122096890464535,0.5941392796074512,0.6119157649861222,0.0009280895980832251,0.8543195344577206,0.25,0.05,0.15,0.0,0.20722997204154156,0.2140308351477815
Haryana,Jind,1334152.0,368000.0,0.6241852502563426,0.21163330714941025,0.029491847826086957,0.2563641304347826,0.1583288043478261,0.0003559782608695652,0.7563451086956522,0.6,0.05,0.45,0.0,0.22277130602406592,0.21381070952301542
Jharkhand,Bokaro,2062330.0,508764.0,0.6175151406418953,0.2690418119311652,0.02801888498400044,0.5047310737394941,0.47589452083873857,0.0010594303056033838,0.4920002201413622,0.35,0.05,0.35,0.0,0.2126897861494405,0.21344303632120046
Punjab,Sahibzada Ajit Singh Nagar,994628.0,291335.0,0.7405532520701207,0.21739886671197675,0.03550208522834537,0.1311068014485043,0.05552714229323631,0.00014416393498893027,0.4026052482537285,0.6,0.05,0.5,0.0,0.20495426534012037,0.21327844250655215
Haryana,Rewari,900332.0,268754.0,0.7074579155244954,0.20282073723915178,0.019248085609888596,0.2524018247170275,0.1277153084233165,0.00026790298935085616,0.7421247683755404,0.6,0.05,0.45,0.0,0.2096501565490395,0.21308540227555395
Chhattisgarh,Dhamtari,799781.0,210481.0,0.6837284206551544,0.33285862004723793,0.03257776236334871,0.544676241560996,0.6615133907573605,0.0009407024862101567,0.8014452610924502,0.3,0.05,0.35,0.0,0.20793097783575293,0.21302848492943158
Rajasthan,Bharatpur,2548462.0,609134.0,0.5810834142317994,0.23990744221416682,0.02955178991814609,0.5507244711344302,0.37007128152426233,0.0006698033601801902,0.7870796901831124,0.4,0.05,0.25,0.0,0.20751756664970739,0.21301544824442614
Punjab,Jalandhar,2193590.0,708130.0,0.7396719532820627,0.3895185517804148,0.035161622865857965,0.08247073277505543,0.044055470040811714,0.0002838461864346942,0.46649485264005197,0.6,0.05,0.5,0.0,0.2122928601773661,0.2129457055655167
Chhattisgarh,Raipur,4063872.0,1068500.0,0.6471042887177549,0.29545615609940473,0.03931679925128685,0.534190921853065,0.5629995320542817,0.0006700982686008424,0.6303219466541881,0.3,0.05,0.35,0.0,0.2099951380923351,0.21216801533148322
Orissa,Debagarh,312520.0,98758.0,0.6329802892614873,0.520005119672341,0.09888819133639806,0.6937868324591425,0.7097855363616112,0.001012576196358776,0.9255756495676299,0.25,0.05,0.15,0.0,0.2096821075624351,0.21191894180866422
Haryana,Hisar,1743931.0,456126.0,0.6389650737328484,0.23440434283237124,0.03417476749845438,0.19225389475715043,0.11209841140386648,0.00036612690353104185,0.6621262545875481,0.6,0.05,0.45,0.0,0.21696530135624337,0.21172988018478836
Jharkhand,Ramgarh,949443.0,252625.0,0.6282599376687173,0.32389727450726374,0.02585254824344384,0.46158931222167243,0.4351311232063335,0.002149430974764968,0.5306956952003958,0.35,0.05,0.35,0.0,0.21093782847662057,0.21099922256300058
Punjab,Ludhiana,3498739.0,1036821.0,0.7317564985556224,0.2639116550277114,0.039802434557170425,0.03999726085794944,0.04520741767383184,0.00032406751020667984,0.3810030853927534,0.6,0.05,0.5,0.0,0.20148075655366124,0.21079120662051656
Haryana,Karnal,1505324.0,428602.0,0.6497026553751883,0.22560193021568778,0.027727355448644662,0.14715983593170354,0.1082636105291156,0.00034064236751111756,0.6828759548485541,0.6,0.05,0.45,0.0,0.21028111239794686,0.21017748042163487
Haryana,Sonipat,1450001.0,417434.0,0.6884933182804701,0.186161940577972,0.02758759468562695,0.19911171586406473,0.1074852551541082,0.0003665250075461031,0.6800068992942597,0.6,0.05,0.45,0.0,0.2070470114086313,0.2098566632656213
Jharkhand,Ranchi,2914253.0,730982.0,0.6558912352496507,0.4100395538753842,0.026568369672577436,0.43522959525679156,0.43740064734836154,0.0009220473281147826,0.5755818884733139,0.35,0.05,0.35,0.0,0.21063140816617656,0.20936045596113792
Haryana,Kurukshetra,964655.0,291821.0,0.6705951868802836,0.2230102990188202,0.02477888842818029,0.13334544121224998,0.09070286237111105,0.0002844209292682843,0.6975269086186395,0.6,0.05,0.45,0.0,0.20577323303529643,0.2092061743563258
Haryana,Yamunanagar,1214205.0,357723.0,0.6855983956580644,0.2526286747295556,0.03449596475485222,0.21658657676470341,0.09666417870810655,0.00024879585601149493,0.5995253310522387,0.6,0.05,0.45,0.0,0.21411087458744713,0.2089087954613835
Rajasthan,Pali,2037573.0,652717.0,0.5328363695435697,0.26633352522829856,0.031646180503955006,0.4578247540664637,0.23592766849951816,0.0004917904696828794,0.7858060997338816,0.4,0.05,0.25,0.0,0.20763018303256953,0.20862051339306148
Haryana,Jhajjar,958405.0,290144.0,0.705433506711672,0.1778454828595427,0.030136759677953016,0.2009829601852873,0.10190112495864123,0.00027917172162788135,0.7300374986213742,0.6,0.05,0.45,0.0,0.20459066556584496,0.2082042341203935
Haryana,Panipat,1205437.0,327306.0,0.6525426048810514,0.1710690811713926,0.02389201542287645,0.12334329343183444,0.08948812426292216,0.000278027289447795,0.5300911074040806,0.6,0.05,0.45,0.0,0.20372385595908882,0.20771148236510834
Rajasthan,Nagaur,3307743.0,842201.0,0.5316688751211929,0.2147473367791875,0.039140300237116794,0.44186007853232184,0.2260897339233746,0.0006613623113722258,0.8023167866103222,0.4,0.05,0.25,0.0,0.20355482313650122,0.20757686689164956
Haryana,Ambala,1128350.0,315256.0,0.7249745203172775,0.26254796827225596,0.02545233080417185,0.18910028675108484,0.06942928921257645,0.0003172025274697389,0.5562622122973075,0.6,0.05,0.45,0.0,0.20618157436612217,0.20743019214084935
Jharkhand,Dhanbad,2684487.0,664219.0,0.6415393332133849,0.24974157073586126,0.03163113370740674,0.44257993222114994,0.4129074898489805,0.0007964240709765906,0.3895763294937363,0.35,0.05,0.35,0.0,0.2028575005992247,0.20708504770804226
Haryana,Rohtak,1061204.0,306942.0,0.7044658708410447,0.20438011918537813,0.02549667363866789,0.17496139335770275,0.0929915097966391,0.0002508617263196304,0.5708016498230936,0.6,0.05,0.45,0.0,0.20375092467767197,0.2068415910506236
Rajasthan,Jaisalmer,669919.0,189947.0,0.46073181981702266,0.21131360657034656,0.017878671418869473,0.45080469815264257,0.17884462507962748,0.0005791089093273386,0.8376915665948923,0.4,0.05,0.25,0.0,0.211785465881016,0.2068117033501161
Madhya Pradesh,Gwalior,2032036.0,444892.0,0.6679064740978998,0.22893344409252592,0.024797029391402856,0.3170702102982297,0.20400007192756894,0.0007417530546739434,0.38822905334328334,0.35,0.05,0.4,0.0,0.19422875337628648,0.20637486880024483
Jharkhand,Purbi Singhbhum,2293919.0,604663.0,0.6572590400968822,0.33363732546790015,0.030415289177608024,0.3773440743025454,0.39222839829789485,0.000686332717563337,0.43418730764078506,0.35,0.05,0.35,0.0,0.2004102192276535,0.2060864756843672
Chhattisgarh,Durg,3343872.0,883189.0,0.6888355774383709,0.2558279742765273,0.03091750463377601,0.4970782018344884,0.5180714433716905,0.0007348370507331953,0.6040020878883229,0.3,0.05,0.35,0.0,0.1975948003925538,0.20560112179995418
Haryana,Panchkula,561293.0,164551.0,0.722114831291322,0.18142039897166007,0.031874616380331934,0.1837424263602166,0.09526529768886242,0.00025524001677291536,0.43083907116942466,0.6,0.05,0.45,0.0,0.20118313725404013,0.2049820362431343
Madhya Pradesh,Jabalpur,2463289.0,624761.0,0.7130580293258323,0.2936155684533971,0.03434593388511767,0.3433905125319922,0.3010255121558484,0.0007538882868809032,0.4358210579725687,0.35,0.05,0.4,0.0,0.19572838454852132,0.20354178849493568
Orissa,Subarnapur,610183.0,193502.0,0.652953294339567,0.34974917360857316,0.056071771867991026,0.6955690380461184,0.7191708612830875,0.0009819019958450042,0.9143419706256266,0.25,0.05,0.15,0.0,0.19179832575972652,0.20343407753119763
Rajasthan,Jodhpur,3687165.0,891657.0,0.5509739867893083,0.19715635183128502,0.02831357797897622,0.4190882817047362,0.16274868026606643,0.0006056140421709245,0.6552014956423826,0.4,0.05,0.25,0.0,0.19673361185143579,0.20190856227483725
Orissa,Bargarh,1481255.0,458961.0,0.6641550577044466,0.3915024759410095,0.06618427273777075,0.6752098762204196,0.7178779896331061,0.0010589135024544568,0.8967341451670185,0.25,0.05,0.15,0.0,0.19218743440357067,0.20149559123203425
Rajasthan,Alwar,3674179.0,995261.0,0.5940037216477477,0.25646137545285624,0.020240921728069322,0.4545521225085681,0.299496313027437,0.0005465902913909014,0.7860189437745476,0.4,0.05,0.25,0.0,0.1973889092465881,0.20080727212942007
Rajasthan,Churu,2039547.0,493893.0,0.5634922852966859,0.2269945237839579,0.034268556144752,0.29533117497109695,0.1604213868186024,0.0007552243097189067,0.6983233210432219,0.4,0.05,0.25,0.0,0.186465625281697,0.1985996042295197
Rajasthan,Bikaner,2363937.0,531933.0,0.5409623860534354,0.21211436683803334,0.026619893858813047,0.33761582755722996,0.1408805244269485,0.0006015795222330632,0.6311960340869996,0.4,0.05,0.25,0.0,0.19160961918954808,0.19852161062384568
Rajasthan,Ajmer,2583052.0,684254.0,0.5910345591184382,0.20963921748381373,0.01764695566266328,0.39962499305813337,0.2614277738968278,0.000543657764514347,0.5982208361222587,0.4,0.05,0.25,0.0,0.1894521539831447,0.1971412617284246
Haryana,Faridabad,1809733.0,470681.0,0.7032744609287669,0.12366409851618995,0.020725289527301932,0.10500530083007387,0.08339831010811993,0.0003314346659414763,0.18632577053248378,0.6,0.05,0.45,0.0,0.1917433993965742,0.1960689498619176
Haryana,Gurgaon,1514432.0,523691.0,0.7336849723196551,0.130700487047289,0.022866537710214612,0.0850291488683212,0.057157751422117244,0.00016230945347542731,0.27058513512739385,0.6,0.05,0.45,0.0,0.18649637929271642,0.19547324056186854
Orissa,Sambalpur,1041099.0,315495.0,0.675911704842671,0.5254908514944304,0.055401828872089894,0.5977622466283142,0.6102252016672214,0.0008938334997385061,0.699526141460245,0.25,0.05,0.15,0.0,0.1916926528783822,0.19348149637933493
Orissa,Sundargarh,2093437.0,618062.0,0.6412048702683673,0.5990192205449698,0.040623756192744415,0.5376936294417065,0.5407806983765383,0.0009125298109251176,0.627624736676903,0.25,0.05,0.15,0.0,0.1946063003698939,0.19320586253252298
Madhya Pradesh,Indore,3276697.0,788318.0,0.7047127030665331,0.23283141529412088,0.02467151580960983,0.14740751828576792,0.08886895897340921,0.0006837342290801427,0.25417534548240683,0.35,0.05,0.4,0.0,0.1742381707474181,0.19251536513917222
Madhya Pradesh,Bhopal,2371061.0,700719.0,0.7003995257819179,0.1800649582613016,0.02048324649395835,0.17570952122034653,0.09615694736406462,0.000505195377890424,0.16967286458623215,0.35,0.05,0.4,0.0,0.173416898484374,0.1923024962321074
Rajasthan,Sikar,2677333.0,705834.0,0.617075649536311,0.18456986859684618,0.016000929396997026,0.31418293819793325,0.16632806013878618,0.0006092083974418914,0.7474278654754517,0.4,0.05,0.25,0.0,0.17641092309325618,0.18895121395013542
Orissa,Ganjam,3529031.0,1015394.0,0.6262483950976911,0.2287208585019514,0.06424993647785983,0.5217285112970925,0.5776053433445539,0.0010498387817930773,0.7834160926694466,0.25,0.05,0.15,0.0,0.17232904902821017,0.18775655233561223
Rajasthan,Hanumangarh,1774692.0,497753.0,0.582712943992535,0.28651619548631535,0.016805524024968207,0.09752628311632476,0.10203052518015963,0.0005765912008566498,0.7816306481327084,0.4,0.05,0.25,0.0,0.16850237830510822,0.18746124879865403
Rajasthan,Kota,1951014.0,515189.0,0.665471903328218,0.302009109109417,0.016578381914210124,0.3436758160597373,0.22222524161036047,0.0004930229488595447,0.39491138203649534,0.4,0.05,0.25,0.0,0.1805030647822795,0.18668724033364445
Rajasthan,Ganganagar,1969168.0,562594.0,0.606013808877658,0.3726898873026578,0.018151633327052902,0.09707177822728291,0.07374412098244916,0.0005812362023057481,0.7068987582519544,0.4,0.05,0.25,0.0,0.17125404367799144,0.18630589888825516
Rajasthan,Jaipur,6626178.0,1732679.0,0.6490868491610096,0.23109370137657032,0.01657837372069495,0.2582163228157091,0.1899584400803611,0.0005136554433914188,0.4356496500505864,0.4,0.05,0.25,0.0,0.1702382946368875,0.1855247640459719
Rajasthan,Jhunjhunun,2137045.0,650809.0,0.6412405915645202,0.188268379935846,0.013300369232754926,0.2723502594463199,0.13304364260481955,0.0005439383905262527,0.7689690830950402,0.4,0.05,0.25,0.0,0.16938590820693666,0.1850498229056729
Dadra And Nagar Haveli,Dadra AND Nagar Haveli,343709.0,108783.0,0.6494738281511395,0.5375186567706984,0.00338288151641341,0.2686265317191105,0.22752635981725086,0.00396201612384288,0.4432769826167692,0.35,0.05,0.15,0.0,0.17022682581117488,0.18329191985053234
Orissa,Dhenkanal,1192811.0,352369.0,0.6957598479557952,0.33210206813988136,0.08838178159826772,0.6368409252800331,0.6677119723925771,0.0010585494183654068,0.8950560350087551,0.25,0.05,0.15,0.0,0.1824558058301964,0.182064202134796
Orissa,Jharsuguda,579505.0,177186.0,0.7003891252016807,0.4855488736076479,0.04404411183727834,0.5533394286230289,0.5653211879042362,0.0008860745205603152,0.5825742440147641,0.25,0.05,0.15,0.0,0.18067134573785482,0.1814238913830856
Orissa,Anugul,1273821.0,414587.0,0.6825574393890508,0.3290532971273044,0.07952010072674734,0.5318135879803274,0.5746514000680195,0.0009117507302447978,0.8210821854037874,0.25,0.05,0.15,0.0,0.17377241839649943,0.18077421413863337
Orissa,Baleshwar,2320529.0,683594.0,0.6986475928549051,0.3250396784526287,0.0859150314367885,0.5487906564422742,0.6283905359028897,0.0010649596105290567,0.8794021012472315,0.25,0.05,0.15,0.0,0.1734431499429666,0.17578574221785803
Orissa,Jajapur,1827192.0,541139.0,0.7062503557371091,0.32006433916085447,0.1059025499917766,0.5684251181304618,0.5808858722065865,0.0010348542611048179,0.9158663485721783,0.25,0.05,0.15,0.0,0.17564488766247396,0.17542280179490743
Orissa,Nayagarh,962789.0,288334.0,0.7149666230087797,0.20263006743949089,0.09465411640666727,0.6402123925725027,0.6955267155451663,0.0010612692224989074,0.9074406764377423,0.25,0.05,0.15,0.0,0.17199165692662438,0.17421508945004252
Orissa,Bhadrak,1506337.0,428106.0,0.72635804604149,0.2425247471183407,0.06331609461208206,0.5626994249087842,0.5861001714528645,0.0011328969928008485,0.8732930629330119,0.25,0.05,0.15,0.0,0.16335495151877888,0.16238143916065595
Orissa,Kendrapara,1440361.0,438243.0,0.7562444414976524,0.22165554329782602,0.05630666091643221,0.6043040048557535,0.6247926378744213,0.0010382367773130432,0.9463904728655107,0.25,0.05,0.15,0.0,0.16101879047238554,0.15759408094539495
Orissa,Puri,1698730.0,474224.0,0.7605322799974098,0.19500568071441607,0.08118104524444145,0.5831969702081716,0.6021964303788927,0.0010859846823442086,0.8477301865784945,0.25,0.05,0.15,0.0,0.15898335100536617,0.15532897252261832
Orissa,Jagatsinghapur,1136971.0,352732.0,0.7819258362790256,0.22517197008542875,0.050409375956817076,0.5565925405123436,0.5563969245772995,0.0010007597836317658,0.8779611716544005,0.25,0.05,0.15,0.0,0.1529618438507176,0.1539101494209071
Orissa,Cuttack,2624470.0,790297.0,0.7664286503560719,0.2257133821304873,0.06569555496224837,0.44567928259882045,0.47718262880916923,0.0009401528792340095,0.7333053269846652,0.25,0.05,0.15,0.0,0.1464799811955827,0.1488550551632811
Orissa,Khordha,2251673.0,688729.0,0.7771714631742709,0.183207330726975,0.0487187268141751,0.3639138180619663,0.3756266978739098,0.0007985724428621417,0.48180634182675625,0.25,0.05,0.15,0.0,0.1332641799742902,0.14799193914147768
Daman And Diu,Diu,52074.0,18850.0,0.7308445673464685,0.038118830894496296,0.001273209549071618,0.10673740053050398,0.08901856763925729,0.04737400530503979,0.5192572944297082,0.4,0.05,0.15,0.0,0.11782770475885723,0.14627868878212416
Pondicherry,Karaikal,200222.0,69333.0,0.773721169501853,0.1765440361199069,0.01176928735234304,0.26115990942264145,0.21865489737931432,0.005870220529906394,0.5137236236712677,0.25,0.05,0.15,0.0,0.12104923215086086,0.14525226196948388
Pondicherry,PONDICHERRY,950289.0,291037.0,0.7646610662651047,0.16037857956895218,0.013012091246130217,0.2109663032535382,0.11380339956775255,0.0017523545116256696,0.2999481165624989,0.25,0.05,0.15,0.0,0.11649764960962003,0.1311800355205527
Pondicherry,Yanam,55626.0,15519.0,0.7060367454068242,0.1514939057275375,0.006379277015271603,0.14363038855596366,0.09079193246987563,0.03286294219988401,0.0,0.25,0.05,0.15,0.0,0.11925499650659087,0.1254390148109974
Lakshadweep,Lakshadweep,64473.0,21242.0,0.8151164053169544,0.9479937338110527,0.003907353356557763,0.009179926560587515,0.014546652857546371,0.004895960832313341,0.24898785425101214,0.3,0.05,0.15,0.0,0.14820719486318143,0.1252186352484039
Daman And Diu,Daman,191173.0,71079.0,0.7864499693994444,0.10201231345430578,0.004403550978488724,0.06059454972636081,0.12504396516552005,0.01256348569901096,0.140772942781975,0.4,0.05,0.15,0.0,0.10841294963736034,0.12414955634518156
Chandigarh,Chandigarh,1055450.0,298367.0,0.7631228385996495,0.1886266521388981,0.02767062041043413,0.025398251147077257,0.08130926007232703,0.0029929583365452613,0.02986590340084527,0.6,0.05,0.15,0.0,0.13218893893631578,0.11970537823193757
Nct Of Delhi,North West,3656539.0,1026867.0,0.7405513793234532,0.19068222710054508,0.024193980330461492,0.03755306188630076,0.09382325072282974,0.0005628771788362076,0.06582351950155181,0.25,0.05,0.15,0.0,0.10711684212970066,0.11836539962054007
Nct Of Delhi,North East,2241624.0,487581.0,0.7189376987398421,0.1667353668590272,0.016356256704014308,0.005055570253968059,0.04606619207885459,0.001185444059551131,0.010923313254618207,0.25,0.05,0.15,0.0,0.10483012983334378,0.10593358439080312
Nct Of Delhi,South,2731929.0,731063.0,0.7607818504800088,0.15480856200874912,0.021879099338907863,0.03472751322389452,0.06899952534870456,0.0007906295353478428,0.003991448069455027,0.25,0.05,0.15,0.0,0.10151699074507758,0.10480429780373153
Nct Of Delhi,Central,582320.0,194897.0,0.7596510509685397,0.24587512020881988,0.01895873204821008,0.0036224262046106407,0.05026244631779863,0.0029656690457010625,0.0,0.25,0.05,0.15,0.0,0.10490116563668117,0.10348778563624561
Nct Of Delhi,South West,2292958.0,647682.0,0.779643150899406,0.13886342444998992,0.01874839813365201,0.030417704984853678,0.04723305572796527,0.0008924132521823981,0.06357904033152072,0.25,0.05,0.15,0.0,0.09723164295414236,0.10341884651732788
Nct Of Delhi,New Delhi,142004.0,52664.0,0.8040548153573138,0.23411312357398384,0.021285887893057878,0.01139298192313535,0.06338295609904299,0.010975239252620386,0.0,0.25,0.05,0.15,0.0,0.09956216270101581,0.102992004590133
Pondicherry,Mahe,41816.0,12110.0,0.8721541993495313,0.0034436579299789555,0.006275805119735756,0.0037985136251032204,0.007597027250206441,0.042113955408753095,0.0,0.25,0.05,0.15,0.0,0.0748660106752132,0.10281554604155742
Nct Of Delhi,West,2543243.0,701512.0,0.7711331555812795,0.1480283244660459,0.021177114575374335,0.0168222354001072,0.06948990181208589,0.000823934587006352,0.002578715688398773,0.25,0.05,0.15,0.0,0.09798949298040165,0.10275741980141014
Nct Of Delhi,North,887978.0,301071.0,0.767493113568129,0.18656205446531332,0.019965390223568528,0.015059570666055516,0.05189805726888342,0.0019198129344905354,0.014986498201420928,0.25,0.05,0.15,0.0,0.10088820219785552,0.10189570566610986
Nct Of Delhi,East,1709346.0,462218.0,0.7915296259505097,0.16463723552750584,0.014748452029129113,0.012098187435365997,0.04544825169076064,0.0012504921919959846,0.002349540692919791,0.25,0.05,0.15,0.0,0.09538211966955212,0.10070342613537717
